user_id,item_id,SessionDuration,SessionsPerWeek,CourseCompletion,rating,QuizScores
2238,18,0.55263156,0.125,0.0,1,0.73364055
814,6,0.64912283,0.0,1.0,1,0.19871812
1685,17,0.06140351,0.375,0.0,5,0.63037556
734,3,0.74561405,0.5,1.0,5,0.012276873
804,2,0.61403507,0.375,1.0,5,0.00866764
993,14,0.88596493,0.5,1.0,4,0.25924504
1932,17,0.04385965,1.0,1.0,4,0.1666665
919,18,0.05263158,0.875,1.0,4,0.639674
2354,14,0.2982456,0.125,1.0,4,0.5542864
1051,14,0.4122807,0.75,0.0,5,0.40711507
884,4,0.9385965,0.5,1.0,1,0.60427684
33,13,0.096491225,0.625,0.0,4,0.65393853
1616,10,0.7982456,0.5,0.0,1,0.82090515
310,3,0.877193,0.25,1.0,4,0.06296776
56,2,0.25438598,0.5,1.0,2,0.2521461
2382,13,0.74561405,0.75,0.0,1,0.46866253
2451,6,0.21929824,1.0,1.0,3,0.28395608
1913,7,0.12280702,0.625,1.0,4,0.08430869
783,16,0.51754385,0.75,1.0,1,0.17193057
537,11,0.95614034,0.0,1.0,5,0.36528996
638,15,0.5877193,1.0,1.0,1,0.42560208
949,13,0.6315789,0.75,1.0,1,0.043571778
2012,17,0.9649123,0.25,0.0,5,0.6177027
1466,3,0.10526316,0.125,0.0,2,0.7422654
2224,9,0.114035085,0.0,0.0,2,0.80984765
1694,16,0.5350877,0.0,1.0,3,0.16164806
65,4,0.1754386,0.75,1.0,4,0.5088496
614,18,0.22807017,0.5,1.0,2,0.61144656
1903,8,0.78070176,0.5,1.0,4,0.046392825
1499,7,0.21052632,1.0,1.0,2,0.009215239
505,17,0.28947368,0.0,0.0,2,0.11711358
1924,3,0.9122807,0.375,0.0,5,0.899242
1042,14,0.5964912,0.625,1.0,4,0.11765806
1666,13,0.4385965,1.0,1.0,1,0.8945181
1758,15,0.7894737,0.875,0.0,2,0.34011236
2285,2,0.6052632,0.125,0.0,1,0.061761644
1410,19,0.34210527,0.125,1.0,3,0.8575007
1632,2,0.51754385,0.125,1.0,5,0.55851054
99,5,0.18421052,0.75,0.0,1,0.4490175
1762,18,0.88596493,0.625,0.0,3,0.890822
1664,0,0.9385965,0.875,0.0,3,0.15006997
1540,2,0.0,0.625,0.0,4,0.87071735
561,9,0.55263156,0.375,1.0,3,0.60435545
1947,3,0.92105263,0.0,1.0,2,0.0147612905
388,0,0.68421054,0.625,1.0,2,0.038250223
1314,18,0.7280702,0.25,0.0,5,0.58319765
878,12,0.75438595,0.75,0.0,4,0.75355756
364,2,0.7368421,0.25,0.0,2,0.6198393
1483,13,0.55263156,0.0,0.0,4,0.19865048
129,2,0.8947368,0.75,1.0,5,0.55295944
1413,12,0.23684211,0.25,1.0,3,0.36071524
775,11,0.74561405,0.125,1.0,5,0.6590905
1251,17,0.50877196,0.875,0.0,5,0.084077716
2056,5,1.0,0.625,1.0,3,0.55405724
1417,14,0.06140351,0.125,1.0,1,0.4919014
1,7,0.94736844,0.5,0.0,5,0.26651278
440,8,0.42982456,1.0,0.0,5,0.6381763
2340,6,0.8245614,0.75,1.0,3,0.3885538
485,14,0.78070176,0.125,1.0,3,0.7448916
1333,18,0.05263158,0.75,1.0,2,0.2724145
737,14,0.98245615,0.125,1.0,1,0.3832985
736,9,0.13157895,0.625,0.0,1,0.20607758
282,13,0.6403509,0.875,1.0,5,0.97553426
1484,9,0.6403509,0.5,0.0,4,0.9484605
2091,4,0.68421054,0.5,1.0,4,0.59581494
501,18,0.54385966,0.125,1.0,3,0.69115937
1012,0,0.8333333,1.0,1.0,5,0.48814282
2076,13,0.78070176,0.75,0.0,5,0.9788259
1880,7,0.7719298,0.375,1.0,3,0.7164261
1246,3,0.80701756,0.625,0.0,1,0.9939995
619,16,0.4473684,0.0,0.0,4,0.8277305
2251,6,0.622807,0.25,1.0,4,0.8265336
916,1,0.7017544,1.0,1.0,2,0.87112457
355,8,0.4473684,0.0,0.0,2,0.61533314
1038,8,0.40350878,0.125,1.0,5,0.15576836
1448,12,0.15789473,0.25,0.0,3,0.7239307
1310,4,0.3859649,0.875,1.0,1,0.6443272
1237,4,0.5964912,0.75,1.0,4,0.92257035
791,11,0.5964912,0.625,1.0,3,0.96171963
2141,0,0.02631579,0.25,1.0,3,0.63124776
1117,11,0.39473686,0.5,1.0,2,0.17448625
2080,7,0.06140351,0.25,0.0,3,0.54418814
1080,15,0.5,0.5,0.0,3,0.36064026
1746,16,0.85087717,0.375,0.0,5,0.99603033
1854,19,0.14035088,0.0,0.0,5,0.27398202
2058,17,1.0,0.0,0.0,1,0.862036
2366,0,0.114035085,0.25,0.0,3,0.21276979
747,11,0.47368422,0.875,1.0,4,0.7485017
1804,9,0.078947365,0.125,1.0,2,0.056650363
1274,12,0.9385965,0.125,1.0,1,0.15616101
1253,2,0.0877193,0.375,1.0,3,0.45239684
1824,11,0.4649123,0.375,1.0,1,0.2981261
1790,14,0.7631579,0.625,1.0,1,0.7421624
1300,4,0.8333333,0.0,0.0,2,0.90124404
2029,4,0.114035085,0.625,1.0,5,0.12316088
2101,11,0.33333334,0.375,1.0,5,0.29263642
1125,11,0.5701754,0.75,1.0,2,0.15779857
964,6,0.114035085,0.25,1.0,2,0.1414836
858,13,0.39473686,1.0,0.0,4,0.99273056
1961,17,0.3859649,1.0,0.0,4,0.005922358
517,4,0.85087717,0.375,0.0,1,0.07002864
2310,17,0.5701754,0.375,1.0,1,0.32977852
1698,7,0.6666667,0.375,0.0,2,0.9050482
2163,4,0.88596493,1.0,1.0,2,0.6275024
304,8,0.24561404,0.0,1.0,2,0.7271109
1021,17,0.2631579,0.375,0.0,4,0.9016194
1052,11,0.28947368,0.0,0.0,3,0.65748304
768,15,0.3508772,0.5,1.0,2,0.010838539
2125,5,0.9649123,0.5,1.0,4,0.024425039
1968,2,0.36842105,0.875,1.0,2,0.6329792
233,1,0.12280702,0.125,0.0,1,0.44407848
2232,6,0.13157895,0.25,0.0,4,0.20876388
721,2,0.6052632,0.375,0.0,1,0.07629273
1871,13,0.12280702,1.0,1.0,2,0.03391158
482,19,0.5701754,0.625,0.0,2,0.41193154
922,2,0.04385965,0.125,0.0,2,0.6705618
1400,19,0.4122807,0.375,1.0,1,0.79009545
224,16,0.9122807,0.75,0.0,2,0.8952234
1121,0,0.81578946,0.125,0.0,3,0.5640143
1294,13,0.47368422,0.375,0.0,3,0.05423333
725,12,0.9649123,0.875,1.0,1,0.35435295
2407,10,1.0,0.0,0.0,4,0.07063488
376,15,0.39473686,0.375,1.0,1,0.9878866
397,12,0.877193,0.875,0.0,3,0.4491776
411,18,0.18421052,0.625,1.0,3,0.40201873
931,8,0.0,0.375,0.0,4,0.9775203
2403,3,0.5964912,0.5,0.0,4,0.5883078
254,19,0.9122807,0.125,1.0,3,0.24737805
311,7,0.13157895,0.375,0.0,5,0.37139627
2284,15,0.28070176,1.0,0.0,1,0.68522143
1716,13,0.01754386,0.375,0.0,1,0.58116484
1884,19,0.6052632,0.25,0.0,4,0.45580834
1383,12,0.0877193,0.5,1.0,2,0.2933008
1039,12,0.4649123,0.25,0.0,2,0.5440497
1173,1,0.35964912,0.375,1.0,4,0.9390379
1330,16,0.33333334,0.5,1.0,3,0.25542706
358,10,0.40350878,0.625,0.0,4,0.64544743
165,19,0.84210527,0.0,0.0,4,0.9695541
67,5,0.4649123,0.875,0.0,4,0.037970714
2166,8,0.55263156,0.5,0.0,1,0.8923365
1057,18,0.7017544,0.375,1.0,3,0.14041428
1612,3,0.16666667,0.625,0.0,5,0.2303392
978,12,0.8245614,0.0,1.0,2,0.41949266
923,10,0.1754386,0.875,1.0,1,0.88062286
928,0,0.55263156,1.0,1.0,1,0.9309341
253,6,0.61403507,0.0,0.0,1,0.13018861
1926,8,0.35964912,0.625,1.0,2,0.03378403
1998,17,0.31578946,0.5,1.0,3,0.43515944
550,10,0.51754385,0.75,0.0,2,0.85190284
2129,14,0.8333333,0.5,1.0,3,0.32812017
1969,18,0.51754385,0.25,1.0,3,0.26629993
1036,12,0.9649123,0.875,1.0,2,0.96838903
179,17,0.69298244,0.875,1.0,5,0.5312009
630,13,0.22807017,0.25,1.0,1,0.87477404
1943,13,0.7105263,0.625,1.0,1,0.6878599
784,6,0.7894737,0.0,0.0,4,0.62865543
2473,5,0.114035085,0.0,1.0,5,7.5634457e-06
961,18,0.01754386,0.125,0.0,4,0.19153269
481,10,0.92105263,0.375,1.0,3,0.624171
2068,0,0.49122807,0.25,1.0,2,0.5024613
1945,17,0.27192983,0.0,1.0,4,0.33831993
1986,7,0.49122807,0.125,1.0,4,0.7014333
1934,18,0.114035085,0.125,0.0,5,0.13368428
2349,11,0.9385965,0.625,0.0,1,0.73390996
2276,17,0.28070176,0.125,0.0,5,0.25863168
2423,11,0.14035088,0.5,0.0,2,0.19463256
1045,7,0.78070176,0.25,1.0,2,0.1505823
195,14,0.078947365,1.0,1.0,2,0.19882192
823,15,0.33333334,0.875,0.0,2,0.5489407
944,12,0.3508772,0.0,1.0,1,0.6799223
1840,13,0.6754386,0.125,0.0,5,0.18702906
1575,17,0.30701753,0.375,1.0,3,0.26382858
1364,10,0.6315789,0.875,1.0,4,0.4796827
1100,0,0.8596491,1.0,0.0,4,0.94446796
100,6,0.0,0.875,0.0,1,0.032565136
1015,8,0.8947368,0.25,1.0,1,0.3322963
643,12,0.48245615,0.5,0.0,2,0.63952905
259,1,0.00877193,0.625,0.0,2,0.10581198
585,11,0.5701754,0.0,1.0,2,0.6682326
673,0,0.49122807,0.5,0.0,5,0.3307742
628,17,0.16666667,0.625,0.0,3,0.9634905
15,4,0.9385965,0.5,1.0,3,0.44447017
764,13,0.99122804,0.75,0.0,4,0.525198
13,14,0.42982456,1.0,1.0,3,0.46714005
1627,3,0.16666667,0.25,1.0,3,0.68856126
2419,2,0.9122807,1.0,1.0,5,0.40174097
210,19,0.8947368,0.875,0.0,1,0.21816045
1116,9,0.94736844,0.5,0.0,3,0.3231231
442,11,0.9649123,0.75,1.0,4,0.07480189
294,5,0.10526316,0.75,1.0,4,0.5983254
2045,13,0.1491228,0.5,1.0,1,0.6739397
729,18,0.23684211,0.375,0.0,1,0.24814509
265,18,0.10526316,0.0,1.0,1,0.27772403
1060,13,0.9385965,1.0,1.0,3,0.23659916
2126,9,0.24561404,0.0,0.0,3,0.46719623
2013,5,0.33333334,0.75,1.0,2,0.18497042
1179,14,0.1754386,0.625,1.0,5,0.663784
2396,2,0.5964912,0.125,1.0,4,0.6903588
194,18,0.5263158,0.125,1.0,3,0.114676185
292,16,0.622807,1.0,0.0,4,0.86373895
556,18,0.25438598,1.0,1.0,5,0.517597
185,14,0.95614034,0.75,0.0,2,0.35859808
1711,7,0.35964912,0.5,1.0,2,0.28267604
1704,6,0.1491228,1.0,1.0,1,0.8295759
1456,6,0.21929824,0.5,1.0,2,0.48407164
2279,11,0.14035088,0.25,1.0,1,0.35195503
596,5,0.114035085,0.375,1.0,4,0.0133113405
933,17,0.5701754,0.625,1.0,1,0.23354298
187,19,0.0877193,0.5,1.0,5,0.9074388
2041,19,0.51754385,0.375,1.0,1,0.91385216
1266,14,0.5350877,0.5,1.0,3,0.365207
478,7,0.68421054,0.0,0.0,4,0.9642904
1822,14,0.47368422,0.75,0.0,4,0.4293907
703,15,0.7017544,0.875,1.0,3,0.3756135
306,4,0.4649123,1.0,0.0,3,0.31618223
2032,15,0.2631579,1.0,1.0,1,0.64389735
418,13,0.1491228,0.25,1.0,4,0.67702
1811,4,0.45614034,0.0,1.0,4,0.44262314
368,15,0.2631579,0.625,1.0,3,0.32718503
918,17,0.45614034,0.0,1.0,5,0.4339905
69,12,0.2982456,0.75,1.0,2,0.23926936
2339,18,0.42105263,1.0,0.0,4,0.55425936
2254,2,0.622807,0.375,0.0,4,0.7610016
139,13,0.57894737,1.0,1.0,2,0.17346105
1683,7,0.42105263,0.125,1.0,1,0.18129608
1931,10,0.7368421,0.5,1.0,3,0.8053281
362,1,0.096491225,0.5,0.0,2,0.13266294
1475,18,0.40350878,0.125,0.0,5,0.27901062
280,4,0.9035088,0.5,1.0,3,0.83210427
2337,11,0.31578946,0.125,0.0,1,0.14036755
1605,17,0.13157895,0.375,1.0,2,0.46290407
958,6,0.92105263,0.875,1.0,4,0.6991805
1283,19,0.45614034,0.375,0.0,4,0.97968996
879,9,0.8596491,0.875,0.0,2,0.7646626
207,2,0.99122804,0.0,1.0,5,0.0659963
2090,3,0.21929824,0.0,0.0,1,0.86578256
281,2,0.7368421,0.875,0.0,2,0.82099783
711,10,0.42105263,1.0,1.0,1,0.16438907
660,12,0.5,0.75,1.0,4,0.8919525
177,18,0.61403507,0.5,1.0,5,0.20048234
2453,17,0.64912283,0.875,0.0,4,0.36711067
1753,4,0.68421054,0.5,1.0,4,0.86899006
794,19,0.23684211,0.0,0.0,1,0.0047110557
868,11,0.6403509,0.75,0.0,2,0.21055067
586,1,0.5877193,0.5,1.0,5,0.8466324
1470,15,0.04385965,0.125,1.0,5,0.4805529
789,2,0.8596491,0.875,0.0,5,0.76238286
1766,12,0.80701756,0.25,0.0,1,0.040663876
2172,13,0.3859649,0.75,1.0,4,0.50785625
16,3,0.4122807,0.625,1.0,1,0.66657454
2352,17,1.0,0.125,0.0,3,0.2774997
2368,17,0.8245614,0.125,0.0,5,0.11801816
549,0,0.096491225,0.5,1.0,5,0.62562186
874,2,0.1491228,1.0,0.0,3,0.070752524
1914,17,0.02631579,0.375,0.0,4,0.10761563
2062,12,0.4385965,0.5,0.0,5,0.83697385
2460,0,0.3859649,1.0,1.0,2,0.2616001
1235,7,0.5350877,0.0,1.0,2,0.94857436
508,6,0.22807017,0.375,0.0,4,0.20842347
239,11,0.64912283,0.125,0.0,4,0.23325947
1492,0,0.078947365,0.75,0.0,3,0.63738406
671,4,0.05263158,0.125,1.0,2,0.4294716
2104,8,0.47368422,0.25,0.0,1,0.5847531
1161,19,0.5263158,0.625,0.0,2,0.09493001
1194,2,0.28947368,0.25,0.0,2,0.4844825
2266,4,0.65789473,0.25,1.0,3,0.5202482
2107,13,0.45614034,0.5,1.0,4,0.18153763
245,5,0.94736844,1.0,1.0,1,0.019208789
49,3,0.3508772,0.25,0.0,2,0.95460933
1144,2,0.75438595,0.625,1.0,3,0.6683947
1525,14,0.01754386,0.5,0.0,4,0.32074863
2365,17,0.07017544,0.625,1.0,4,0.79545885
1092,8,0.9649123,0.5,1.0,5,0.20885414
1789,4,0.49122807,0.875,0.0,3,0.3231186
967,12,0.0,0.5,0.0,4,0.504912
2152,2,0.8245614,0.0,1.0,3,0.9654086
1074,14,0.24561404,0.375,0.0,3,0.2132283
2331,17,0.0,0.75,0.0,1,0.8734043
1035,19,0.23684211,0.625,1.0,1,0.96861523
1277,0,0.54385966,0.5,0.0,1,0.61485946
905,13,0.5614035,1.0,0.0,1,0.9707783
2008,13,0.75438595,0.125,0.0,2,0.9127314
2410,18,0.28070176,0.25,0.0,1,0.4188654
1701,12,0.9035088,0.5,1.0,5,0.19559366
138,19,0.85087717,0.125,0.0,3,0.5470166
965,11,0.51754385,0.5,1.0,3,0.16986448
1004,0,0.24561404,0.75,1.0,5,0.7112641
148,6,0.71929824,0.375,0.0,3,0.509326
205,9,0.1491228,0.625,1.0,5,0.6722913
607,0,0.8947368,0.0,0.0,1,0.47909307
2252,6,0.78070176,0.0,0.0,1,0.32039982
762,9,0.4473684,0.875,1.0,4,0.07725417
583,6,0.7894737,0.25,1.0,2,0.39393365
1883,2,0.40350878,0.5,1.0,5,0.5681301
506,16,0.28070176,0.75,1.0,2,0.35334992
1564,14,0.21929824,0.0,1.0,1,0.5890022
1435,16,0.99122804,0.75,1.0,2,0.5870251
1047,10,0.7105263,0.75,0.0,4,0.6495889
1776,12,0.9122807,1.0,1.0,4,0.6192209
576,4,0.9736842,0.0,1.0,5,0.049110487
803,8,0.69298244,0.875,1.0,4,0.8686437
817,15,0.25438598,0.5,0.0,1,0.9551231
144,2,0.7631579,0.375,0.0,2,0.6007924
1073,19,0.4473684,0.125,0.0,2,0.12677275
319,4,0.9385965,0.625,1.0,4,0.7970433
573,6,0.74561405,0.625,1.0,5,0.24605496
1644,16,0.10526316,0.125,1.0,4,0.38982317
1204,7,0.84210527,0.5,0.0,4,0.62124133
1928,14,0.42105263,0.75,1.0,3,0.6010188
1705,0,0.877193,0.0,1.0,4,0.36991304
1436,4,0.5701754,1.0,1.0,4,0.8534237
349,16,0.42105263,0.0,0.0,2,0.11811101
1810,1,0.24561404,0.375,1.0,4,0.8890243
1363,18,0.34210527,0.375,1.0,4,0.9169865
2230,3,0.21052632,1.0,0.0,4,0.39664078
1344,13,0.40350878,0.75,0.0,5,0.6672696
1472,8,0.5701754,0.875,0.0,1,0.54197466
1992,15,0.68421054,1.0,1.0,5,0.18903306
2144,11,0.64912283,0.625,0.0,2,0.21053761
806,19,0.0,0.375,1.0,3,0.04570511
973,11,0.1754386,0.25,1.0,1,0.7842118
175,7,0.01754386,0.625,0.0,4,0.9924656
1041,18,0.9649123,0.375,0.0,1,0.8098498
857,17,0.6666667,0.875,1.0,5,0.7312893
2187,6,0.85087717,0.0,1.0,2,0.26354176
401,9,0.622807,0.125,1.0,1,0.04470675
1755,2,0.01754386,1.0,0.0,2,0.9215218
865,7,0.114035085,0.375,0.0,4,0.005218629
2100,10,0.8245614,1.0,1.0,5,0.51122665
1874,1,0.95614034,0.75,1.0,3,0.7363738
2218,2,0.88596493,0.75,1.0,2,0.126703
360,16,0.85087717,1.0,0.0,2,0.5886299
243,13,0.5350877,0.5,0.0,3,0.7687748
1078,1,0.7631579,0.125,0.0,2,0.96462905
1583,17,0.9298246,0.25,0.0,5,0.51493555
2110,0,0.2631579,0.5,1.0,5,0.36023316
1426,0,0.71929824,0.625,1.0,2,0.43391272
483,16,0.5263158,0.5,0.0,3,0.6653737
474,0,0.21929824,0.75,1.0,3,0.40381992
80,4,1.0,0.625,0.0,3,0.087200254
1138,16,0.114035085,0.25,0.0,4,0.4782838
1551,6,0.8596491,0.75,0.0,1,0.83089423
143,15,0.31578946,0.625,1.0,4,0.29675415
1286,18,0.5964912,1.0,0.0,1,0.0053786454
2316,15,0.51754385,0.75,1.0,4,0.12693371
1545,0,0.68421054,0.375,1.0,3,0.9670111
1156,12,0.078947365,0.125,1.0,4,0.9674122
343,6,0.88596493,0.5,1.0,2,0.56637764
359,7,0.64912283,0.875,0.0,2,0.7881608
2205,17,0.57894737,1.0,1.0,3,0.18951559
312,14,0.16666667,0.375,0.0,2,0.15832227
1696,17,0.42982456,0.375,1.0,2,0.01585224
750,6,0.1754386,0.875,1.0,1,0.62764066
855,8,0.69298244,1.0,1.0,1,0.21432656
504,19,0.98245615,0.5,1.0,5,0.8079341
1929,0,0.0877193,0.875,1.0,4,0.07606772
446,13,0.20175439,0.875,0.0,5,0.95077163
2114,15,0.13157895,0.5,0.0,5,0.5209481
822,0,0.7017544,0.125,0.0,2,0.8416382
1941,19,0.28947368,0.125,0.0,1,0.8236857
677,1,0.7280702,0.75,0.0,4,0.690827
2057,15,0.10526316,0.75,1.0,1,0.2724093
683,0,0.65789473,0.875,0.0,3,0.06506531
840,0,0.81578946,0.75,1.0,2,0.8384073
1450,9,0.8333333,0.5,0.0,3,0.16212817
238,19,0.7368421,0.5,0.0,1,0.011748421
1915,16,0.3508772,0.875,0.0,1,0.6057471
1196,5,0.35964912,0.75,1.0,4,0.1160595
778,0,0.7105263,0.75,1.0,2,0.26178074
1611,4,0.07017544,0.375,1.0,4,0.81423646
833,15,0.06140351,0.25,0.0,2,0.45642608
2139,9,0.8333333,1.0,1.0,4,0.13125566
1654,10,0.5964912,1.0,0.0,5,0.8756714
1224,9,0.80701756,0.75,1.0,4,0.3266557
214,18,0.7105263,0.625,1.0,5,0.83651954
211,2,0.54385966,0.75,1.0,2,0.25899056
1062,16,0.12280702,0.125,1.0,1,0.35435063
1971,15,0.7631579,1.0,1.0,2,0.22358017
839,0,0.9035088,0.375,0.0,5,0.9650242
1872,13,0.92105263,0.5,1.0,4,0.62599707
1500,3,0.01754386,0.75,1.0,5,0.4058189
1282,18,0.32456142,0.5,0.0,3,0.29896358
1011,1,0.34210527,0.0,1.0,3,0.58091176
1538,10,0.25438598,0.5,0.0,5,0.31227148
1983,9,0.9035088,0.875,0.0,3,0.06296352
1291,3,0.65789473,0.375,0.0,3,0.33292177
1933,11,0.40350878,0.125,0.0,5,0.50798285
1351,0,0.21052632,0.25,1.0,5,0.88648623
1462,16,0.0,0.5,1.0,5,0.9223052
1425,18,0.22807017,0.875,0.0,4,0.74045604
2162,11,0.42105263,1.0,1.0,1,0.0936997
723,18,0.27192983,0.5,1.0,5,0.9594678
432,11,0.4385965,0.5,0.0,5,0.41928077
1218,9,0.37719297,0.25,0.0,2,0.46418962
901,17,0.877193,0.0,1.0,1,0.89925545
244,13,0.78070176,0.625,1.0,5,0.34976664
10,19,0.8333333,0.5,0.0,5,0.62384105
2142,18,0.69298244,0.125,0.0,1,0.6179852
414,4,0.13157895,0.125,0.0,4,0.4942951
261,18,0.69298244,0.25,1.0,1,0.20084056
1033,0,0.32456142,0.25,1.0,2,0.63907975
891,8,0.15789473,1.0,0.0,3,0.71064454
487,8,0.6754386,0.375,1.0,1,0.3443217
2461,8,0.61403507,0.75,1.0,3,0.3266381
1588,8,0.84210527,0.125,0.0,4,0.97246337
592,11,0.22807017,0.75,1.0,4,0.12311775
1234,2,0.50877196,0.0,1.0,5,0.31704313
277,19,0.15789473,0.375,1.0,5,0.7809792
746,17,0.7631579,0.0,0.0,3,0.15854141
1674,16,0.95614034,0.125,0.0,4,0.40923637
453,10,0.6754386,0.625,0.0,5,0.97550076
2317,2,0.078947365,1.0,1.0,2,0.4274747
624,8,0.13157895,0.625,0.0,2,0.38968238
1217,1,0.9122807,0.625,0.0,1,0.9419834
477,2,0.16666667,0.875,1.0,1,0.5889312
1679,19,0.21052632,0.5,0.0,1,0.6454166
942,1,0.4385965,0.75,1.0,1,0.356817
1511,18,0.6315789,0.25,0.0,2,0.5844541
2234,18,0.85087717,0.5,0.0,2,0.95706433
1657,16,0.00877193,0.125,0.0,1,0.95558834
1005,5,0.0877193,0.75,0.0,3,0.9262731
1529,16,0.622807,0.75,1.0,3,0.4132205
850,16,0.8596491,0.25,0.0,2,0.3335072
1878,3,0.2631579,0.625,0.0,2,0.12752241
890,19,1.0,0.125,0.0,3,0.33274835
605,9,0.48245615,0.875,1.0,1,0.17491129
1487,2,0.61403507,0.875,1.0,1,0.80490756
2431,6,0.21052632,0.5,1.0,1,0.7899242
2477,1,0.03508772,0.75,1.0,1,0.45148262
404,19,0.9298246,0.25,1.0,5,0.32550165
2188,11,0.31578946,0.0,1.0,3,0.10552696
1922,10,0.7631579,0.25,0.0,2,0.5381373
2437,7,0.68421054,0.125,1.0,4,0.2166906
908,15,0.21052632,0.625,1.0,4,0.9696139
153,12,0.65789473,1.0,1.0,4,0.49582455
429,16,0.99122804,0.75,1.0,5,0.4053316
340,18,0.88596493,0.0,1.0,1,0.8020403
500,2,0.3859649,0.625,0.0,3,0.07164097
29,18,0.01754386,0.25,1.0,1,0.9415039
579,6,0.25438598,1.0,1.0,4,0.8292004
2440,12,0.8245614,0.25,0.0,1,0.76330996
1220,18,0.5877193,0.5,1.0,3,0.31223807
1919,8,0.36842105,1.0,1.0,1,0.28972402
502,6,0.7017544,0.875,1.0,2,0.010964552
1382,4,0.65789473,0.125,1.0,2,0.6647601
2180,6,0.6052632,0.375,0.0,2,0.9145058
1536,1,0.18421052,0.0,0.0,4,0.90460676
1946,16,0.096491225,0.25,1.0,4,0.6483849
135,16,0.02631579,0.375,0.0,2,0.4810445
476,9,0.54385966,0.375,1.0,2,0.32788572
1076,6,0.12280702,0.625,0.0,3,0.8347074
149,9,0.4649123,0.25,0.0,3,0.53320426
1726,7,0.0,0.0,1.0,2,0.7984318
1845,10,0.114035085,0.125,1.0,1,0.06959067
1058,4,0.0877193,0.125,1.0,4,0.54230857
6,19,0.2631579,0.0,1.0,3,0.19870625
983,12,0.7017544,0.0,0.0,4,0.6372049
1091,8,0.0,0.5,1.0,1,0.1371601
1836,0,0.6315789,0.625,1.0,1,0.8836781
2231,14,0.68421054,0.75,1.0,1,0.47129685
985,7,0.7280702,0.5,1.0,5,0.7624434
2145,11,0.5877193,0.875,1.0,1,0.5228877
727,16,0.07017544,0.625,0.0,2,0.33405632
860,4,0.28947368,1.0,0.0,5,0.91288006
1481,15,0.81578946,1.0,0.0,2,0.63970155
620,3,0.21929824,0.875,0.0,1,0.3497841
2283,9,0.0,0.75,0.0,3,0.6745797
1348,12,0.05263158,0.75,0.0,1,0.89971393
2009,17,0.1754386,0.0,1.0,4,0.29537335
559,15,0.8333333,0.375,0.0,2,0.54415447
447,11,0.5263158,0.75,0.0,1,0.64849055
26,4,0.05263158,0.625,0.0,5,0.13087589
710,4,0.85087717,0.125,1.0,1,0.08669353
2132,8,0.47368422,0.375,0.0,1,0.106820256
2402,11,0.4473684,0.625,1.0,4,0.7249792
1372,18,0.75438595,1.0,0.0,2,0.51977855
96,11,0.78070176,1.0,0.0,1,0.4019479
1068,15,0.50877196,0.25,1.0,4,0.61002463
394,3,0.12280702,0.5,1.0,4,0.48353043
1533,19,0.7894737,1.0,1.0,5,0.17279746
1026,13,0.6052632,0.5,1.0,4,0.68199396
2333,11,0.03508772,0.0,1.0,5,0.7035155
2291,11,0.03508772,0.0,0.0,5,0.8992731
215,10,0.5701754,0.125,0.0,5,0.35276878
241,12,0.18421052,0.875,0.0,1,0.5769716
398,6,0.71929824,0.875,1.0,3,0.6689248
2194,14,0.00877193,0.125,1.0,3,0.58715117
684,1,0.5263158,0.875,1.0,3,0.85340595
1398,4,0.23684211,0.375,0.0,1,0.5326805
2037,19,0.5701754,0.375,0.0,1,0.47853574
1735,3,0.88596493,0.75,1.0,1,0.22778445
97,17,0.7719298,0.25,0.0,5,0.19124876
688,17,0.4473684,0.5,0.0,4,0.18619658
1851,11,0.3508772,0.375,0.0,4,0.97030747
216,14,0.7105263,0.875,1.0,1,0.57458985
230,5,0.5964912,0.75,1.0,5,0.25963873
2362,5,0.32456142,0.25,0.0,3,0.960719
1600,15,0.07017544,0.625,0.0,4,0.43047696
1480,14,0.6052632,0.0,1.0,2,0.37189254
82,13,0.94736844,0.875,1.0,4,0.42856017
2320,9,0.40350878,0.0,0.0,5,0.51736706
1663,4,0.02631579,0.625,1.0,1,0.096852876
1515,8,0.48245615,0.0,0.0,2,0.69542813
948,9,0.50877196,0.125,0.0,2,0.29308784
1085,16,0.9035088,1.0,1.0,1,0.5346113
2464,4,0.5350877,0.0,0.0,5,0.16386323
2133,7,0.6052632,0.625,1.0,4,0.9469762
1964,7,0.7631579,0.5,0.0,2,0.9676188
2171,0,0.5877193,0.5,1.0,5,0.9252036
1017,18,0.8947368,0.25,1.0,3,0.16879852
1239,3,0.8596491,0.125,0.0,3,0.505514
1892,14,0.6052632,0.5,0.0,4,0.8345422
2327,15,0.7719298,1.0,1.0,1,0.7723965
2214,15,0.75438595,0.5,1.0,2,0.46872923
93,0,0.34210527,0.25,1.0,5,0.68685013
2456,17,0.18421052,0.0,1.0,3,0.02668047
1578,2,0.7280702,0.625,0.0,5,0.63117516
1428,0,0.6315789,0.25,0.0,5,0.49128345
1200,14,0.07017544,0.875,0.0,4,0.9128915
1797,1,0.69298244,0.0,0.0,4,0.48415303
560,5,0.06140351,0.5,0.0,4,0.5422434
1825,19,0.6403509,1.0,0.0,4,0.16931012
50,3,0.55263156,0.125,0.0,2,0.19444358
1146,6,0.7280702,0.5,0.0,4,0.7853954
2370,3,0.7017544,0.25,1.0,3,0.98004085
1187,7,0.8596491,0.875,1.0,1,0.28827143
1353,4,0.9298246,0.0,0.0,1,0.024889033
1347,14,0.7368421,0.0,0.0,1,0.8656086
330,7,0.6052632,0.75,0.0,5,0.87283885
617,11,0.48245615,0.0,0.0,2,0.7080809
1496,16,0.6754386,0.0,1.0,2,0.69745797
2153,2,0.05263158,0.5,0.0,3,0.039660547
247,5,0.99122804,0.375,1.0,5,0.39671993
1936,1,0.1491228,0.875,0.0,2,0.40547034
557,4,0.74561405,0.125,0.0,1,0.5817982
1675,2,0.64912283,1.0,1.0,2,0.1278089
1149,18,0.7894737,0.875,1.0,5,0.5200641
590,10,0.5614035,0.0,0.0,1,0.15338555
491,6,0.16666667,0.375,0.0,5,0.69602954
234,9,0.50877196,0.625,1.0,3,0.24659213
943,19,0.03508772,0.5,0.0,3,0.11365323
199,12,0.04385965,0.5,0.0,5,0.036880393
2061,1,0.34210527,0.875,1.0,2,0.6760669
408,12,0.10526316,0.375,1.0,4,0.4967767
631,5,0.8947368,0.875,0.0,2,0.4004633
1198,0,0.68421054,0.75,1.0,4,0.46242473
231,9,0.61403507,0.75,1.0,1,0.15685087
25,12,0.7631579,0.25,0.0,5,0.20664532
1570,10,0.42105263,0.5,0.0,4,0.73566365
1268,12,0.2982456,0.5,0.0,2,0.95763963
1648,14,0.32456142,0.0,0.0,2,0.5382668
668,7,0.68421054,0.75,1.0,4,0.018714737
1656,7,0.64912283,1.0,1.0,5,0.33007258
2030,2,0.4473684,0.125,0.0,1,0.9086011
2105,6,0.7105263,0.75,1.0,1,0.18896255
191,9,0.30701753,0.625,0.0,3,0.6806411
1721,3,0.20175439,0.25,1.0,1,0.03129676
2119,11,0.877193,1.0,1.0,5,0.17293319
123,19,0.4649123,0.125,0.0,2,0.97161925
2435,0,0.13157895,0.25,0.0,4,0.09279305
480,0,0.4473684,0.625,1.0,5,0.9780421
1792,17,0.21052632,0.875,0.0,3,0.37883887
1337,13,0.12280702,0.0,1.0,2,0.5908455
72,1,0.20175439,0.625,1.0,3,0.8203736
1049,1,0.9649123,0.375,1.0,1,0.16103028
1195,8,0.92105263,0.125,1.0,1,0.85206854
1329,1,0.32456142,0.0,0.0,1,0.4240085
1124,6,0.8947368,0.25,0.0,4,0.24943458
264,2,0.9298246,0.5,0.0,2,0.89907795
1994,19,0.9035088,0.625,0.0,4,0.2123848
1778,0,0.61403507,0.0,1.0,2,0.19386375
1791,5,0.16666667,0.875,0.0,3,0.5897268
1153,7,0.49122807,0.125,1.0,4,0.62512547
2312,14,0.6666667,0.625,1.0,3,0.83091086
785,10,0.12280702,0.25,1.0,3,0.4396804
1775,8,0.0,1.0,0.0,5,0.28429207
2206,15,0.69298244,0.5,0.0,2,0.65033627
2481,1,0.078947365,1.0,0.0,5,0.6669379
720,13,1.0,1.0,1.0,3,0.032766793
1803,16,0.10526316,0.125,0.0,2,0.91500795
467,11,0.04385965,0.875,0.0,2,0.30825698
1022,8,0.32456142,0.25,0.0,4,0.58148926
325,5,0.51754385,0.75,0.0,5,0.039287355
1523,13,0.6666667,0.25,1.0,1,0.9034168
966,14,0.7894737,0.875,1.0,3,0.26146194
760,13,0.5701754,1.0,0.0,4,0.32695457
757,11,0.33333334,1.0,1.0,2,0.35409716
308,12,0.4385965,0.5,1.0,5,0.14294913
1855,18,0.54385966,0.375,1.0,5,0.095157556
1419,7,0.61403507,0.375,0.0,1,0.00824713
719,9,0.07017544,1.0,1.0,1,0.5930959
2275,3,0.21052632,0.25,1.0,4,0.6161451
41,9,0.078947365,1.0,0.0,2,0.82216024
1727,11,0.6052632,0.875,0.0,3,0.12993348
2286,12,0.06140351,0.375,1.0,1,0.7815963
1715,19,0.55263156,0.75,1.0,3,0.24713068
574,17,0.30701753,0.0,1.0,5,0.57959825
516,17,0.4122807,0.875,1.0,2,0.44547966
255,0,0.20175439,0.0,0.0,3,0.27123824
61,1,0.64912283,0.875,1.0,2,0.20034947
1284,8,0.24561404,0.25,1.0,5,0.10930931
1643,6,0.19298245,0.875,0.0,3,0.32440072
242,6,0.51754385,1.0,0.0,4,0.49014664
1894,2,0.0877193,0.875,1.0,2,0.6531195
1415,4,0.95614034,0.125,0.0,5,0.25353533
1157,2,0.84210527,0.75,1.0,5,0.9036415
1267,3,0.23684211,0.625,1.0,1,0.69373417
1046,12,0.78070176,0.25,1.0,5,0.8016377
2262,13,0.69298244,0.625,1.0,4,0.8587514
1912,12,0.57894737,0.125,1.0,3,0.7130073
651,16,0.07017544,0.125,0.0,2,0.68228745
1636,11,0.3859649,0.0,0.0,4,0.61062956
1458,5,0.21052632,0.0,1.0,2,0.8292858
2496,3,0.7105263,0.5,1.0,2,0.56761813
2111,1,0.3859649,0.875,1.0,2,0.10389866
1206,5,0.16666667,0.375,1.0,1,0.20387684
275,3,0.078947365,0.625,0.0,5,0.48141742
108,10,0.37719297,0.0,0.0,1,0.4006958
1985,18,0.64912283,0.375,0.0,5,0.62951547
1681,3,0.5,0.0,1.0,5,0.45098284
1273,6,0.50877196,1.0,1.0,4,0.7760881
2191,4,0.21929824,1.0,1.0,1,0.43528265
2393,2,0.5614035,0.125,0.0,2,0.4754019
1779,2,0.69298244,0.75,0.0,1,0.1930739
2039,10,0.5350877,0.25,0.0,2,0.42292142
2038,4,0.15789473,0.625,1.0,5,0.40388843
2432,16,0.80701756,0.75,1.0,1,0.88602316
767,10,0.7719298,1.0,0.0,2,0.04881229
2093,0,0.21052632,0.75,1.0,3,0.29856768
2103,13,0.114035085,0.125,1.0,3,0.19485535
1260,5,0.096491225,0.5,1.0,2,0.45536783
1119,18,0.21052632,1.0,0.0,1,0.2300743
2053,15,0.7719298,0.125,1.0,1,0.92980665
1182,3,0.2982456,0.625,1.0,1,0.16387765
344,19,0.28947368,0.75,1.0,5,0.20975593
1240,19,0.37719297,0.125,0.0,3,0.5197911
2372,10,0.32456142,0.625,0.0,5,0.021278672
161,0,0.28947368,0.875,0.0,2,0.7173181
777,1,0.5263158,0.75,0.0,2,0.08743808
1830,9,0.22807017,0.75,1.0,2,0.20911816
1502,17,0.45614034,0.625,0.0,3,0.5888365
495,8,0.02631579,0.875,1.0,4,0.46871042
1813,18,0.84210527,0.25,0.0,4,0.61951166
749,0,0.81578946,0.0,0.0,1,0.23191394
1345,10,0.7894737,0.125,0.0,1,0.7260047
2298,19,0.23684211,0.625,1.0,5,0.9107328
1642,2,0.98245615,1.0,1.0,2,0.06787797
1547,9,0.69298244,1.0,1.0,2,0.22658505
381,8,0.14035088,0.25,0.0,4,0.3077369
293,10,0.2631579,0.5,0.0,1,0.8609793
1555,16,0.94736844,0.75,0.0,1,0.49187762
213,7,0.28070176,0.375,1.0,1,0.41684696
284,13,0.94736844,0.75,1.0,5,0.95526844
2446,10,0.02631579,0.75,0.0,2,0.93193066
403,12,0.85087717,0.5,1.0,4,0.105858415
864,17,0.14035088,0.5,1.0,4,0.27799356
5,8,0.00877193,0.5,1.0,1,0.48116472
1468,0,0.6052632,0.875,0.0,5,0.17968191
1623,5,0.5,0.25,1.0,4,0.31535596
369,6,0.7894737,0.625,0.0,4,0.025962941
1958,14,0.8947368,0.625,1.0,2,0.039589163
2088,2,0.25438598,0.375,1.0,4,0.08624173
2042,11,0.68421054,0.875,1.0,5,0.21836147
1514,4,0.5701754,0.875,0.0,5,0.44119394
883,1,0.5,0.125,1.0,2,0.8402199
851,19,0.2631579,0.125,0.0,4,0.08102696
1782,15,0.8684211,0.875,1.0,3,0.473641
588,9,0.71929824,0.875,0.0,2,0.33534715
142,16,0.02631579,0.625,0.0,5,0.50284475
1219,2,0.36842105,0.75,0.0,4,0.3367946
1638,9,0.622807,0.875,0.0,1,0.08389621
1303,8,0.12280702,1.0,0.0,5,0.44929492
843,17,0.36842105,0.375,1.0,2,0.3816295
1988,12,0.4122807,0.125,1.0,4,0.49436125
2165,1,0.20175439,0.875,0.0,4,0.48677456
1454,3,0.85087717,0.875,0.0,2,0.79051614
2059,14,0.39473686,0.625,0.0,5,0.8236969
1064,2,0.18421052,1.0,1.0,2,0.6311328
685,7,0.7719298,1.0,0.0,3,0.9295243
841,8,0.1754386,0.375,0.0,1,0.9706193
2217,15,0.50877196,0.375,1.0,1,0.64696157
2478,9,0.9122807,0.875,0.0,4,0.77016824
2426,7,0.5964912,0.375,0.0,3,0.2240807
1180,16,0.88596493,0.25,0.0,3,0.6992202
2249,0,0.37719297,0.875,0.0,3,0.7697877
1619,8,0.5,1.0,1.0,1,0.7399094
2079,9,0.2982456,0.125,0.0,4,0.33891562
2228,15,0.6315789,0.0,0.0,4,0.9397166
2472,14,0.4473684,0.125,1.0,2,0.2741254
2239,19,0.84210527,0.875,1.0,1,0.32126552
765,15,0.5263158,0.0,0.0,5,0.6068262
1548,12,0.35964912,0.375,0.0,5,0.83038396
2438,6,0.57894737,0.875,0.0,2,0.36477473
2102,9,0.15789473,0.375,1.0,4,0.50440514
1233,3,0.45614034,0.125,0.0,2,0.65532815
1289,14,0.06140351,0.25,1.0,3,0.3183583
1018,5,0.4385965,0.5,0.0,5,0.7593421
1141,11,0.27192983,0.0,1.0,1,0.5842721
987,14,0.7631579,0.75,0.0,2,0.34125197
202,15,0.94736844,0.5,1.0,5,0.3673774
1077,18,0.39473686,0.375,1.0,4,0.26886255
271,7,0.13157895,0.125,1.0,4,0.21759732
1904,16,0.0877193,0.75,1.0,2,0.27556947
880,13,0.114035085,0.75,1.0,1,0.6619615
345,1,0.68421054,0.625,1.0,3,0.9463036
665,5,0.61403507,0.5,1.0,2,0.09908895
1098,15,0.16666667,0.875,1.0,1,0.8953196
830,17,0.21929824,0.5,1.0,1,0.5931796
1937,2,0.10526316,0.75,1.0,5,0.5593594
838,15,0.3508772,0.25,0.0,3,0.66150004
1373,10,0.95614034,0.75,1.0,2,0.9157229
802,15,0.5701754,0.25,1.0,4,0.6598416
1662,16,0.45614034,0.75,1.0,3,0.1718299
1066,1,0.8684211,0.875,1.0,4,0.3608387
675,1,0.7982456,0.375,0.0,3,0.19119716
1863,2,0.5701754,0.5,0.0,4,0.75747013
513,9,0.8947368,0.25,0.0,1,0.46476442
141,0,0.114035085,0.25,1.0,1,0.51156616
377,2,0.8684211,0.125,0.0,3,0.98685217
73,0,0.98245615,0.0,1.0,2,0.32889807
2043,3,0.14035088,0.875,1.0,3,0.922856
78,3,0.64912283,0.875,0.0,2,0.9806866
183,2,0.8596491,0.5,0.0,3,0.41803202
2492,19,0.48245615,0.375,1.0,3,0.66118836
863,10,0.78070176,0.5,1.0,2,0.8754747
815,14,0.24561404,0.125,0.0,2,0.7488982
1509,13,0.88596493,0.375,1.0,4,0.32945225
1517,14,0.7368421,0.75,0.0,5,0.28078035
130,6,0.40350878,0.25,0.0,2,0.96716666
1326,5,0.51754385,0.375,0.0,4,0.635021
2117,1,0.34210527,0.25,1.0,5,0.91810375
1103,10,0.7105263,0.625,1.0,3,0.017114453
1938,9,0.6754386,0.375,1.0,3,0.33970368
363,0,0.31578946,0.0,1.0,4,0.6099806
1670,0,0.7017544,0.875,1.0,2,0.14317484
2385,4,0.69298244,0.375,1.0,2,0.08483328
572,13,0.78070176,0.75,1.0,3,0.56409496
1613,4,0.4473684,0.75,0.0,2,0.64891905
2047,17,0.98245615,1.0,1.0,5,0.80478406
1634,15,0.78070176,0.375,1.0,4,0.68834877
225,2,0.28947368,0.375,1.0,1,0.1716239
770,12,0.7719298,0.125,1.0,4,0.11764609
521,14,0.5263158,0.625,1.0,2,0.8190208
350,5,0.8245614,1.0,1.0,5,0.48057196
2063,2,0.10526316,0.75,0.0,3,0.579101
1672,0,0.4385965,0.0,1.0,4,0.5113199
1366,4,0.30701753,0.125,0.0,1,0.21879198
2190,12,0.15789473,0.125,1.0,1,0.7618606
1773,17,0.114035085,0.75,1.0,4,0.81147265
1655,9,0.7894737,1.0,1.0,1,0.24102168
1438,0,0.2631579,0.75,0.0,1,0.90214473
309,16,0.95614034,0.875,1.0,4,0.16135062
2301,6,0.12280702,1.0,1.0,4,0.5868587
1265,8,0.6315789,0.125,0.0,2,0.7396344
990,8,0.9385965,0.25,1.0,5,0.8391228
2277,18,0.7894737,0.0,1.0,1,0.77696276
2256,8,0.65789473,0.125,1.0,1,0.760519
204,2,0.9649123,0.375,0.0,3,0.6342931
2404,13,0.28947368,0.5,1.0,1,0.8204983
1278,8,0.69298244,0.625,0.0,1,0.9670832
1747,9,0.7719298,0.25,1.0,3,0.36027026
1982,2,0.55263156,0.875,1.0,5,0.643326
2120,15,0.6315789,0.75,0.0,3,0.052597884
1152,17,0.8684211,0.875,0.0,4,0.0215084
772,16,0.622807,0.25,0.0,5,0.99561083
963,13,0.28947368,0.875,1.0,4,0.11629572
131,15,0.5964912,0.5,0.0,2,0.3160007
739,10,0.65789473,1.0,0.0,2,0.1251988
1346,19,0.61403507,0.375,1.0,3,0.2943045
1650,0,0.32456142,0.0,0.0,3,0.8646451
1539,6,0.42105263,0.25,1.0,4,0.8714143
1989,8,0.21052632,0.75,1.0,5,0.9979759
1771,14,0.5,0.0,1.0,4,0.3826675
2099,10,0.50877196,1.0,0.0,5,0.43535388
2444,16,0.49122807,0.0,0.0,4,0.33578613
1422,4,0.0877193,0.375,0.0,2,0.23564455
2253,6,0.7631579,0.375,1.0,4,0.1227095
2138,16,0.7631579,0.0,1.0,5,0.976945
1777,15,0.8245614,0.875,0.0,3,0.098119445
2449,7,1.0,0.5,0.0,2,0.5384923
1232,8,0.6754386,0.125,0.0,3,0.99061203
2486,2,0.35964912,0.125,0.0,5,0.19801725
91,0,0.9736842,0.5,1.0,1,0.39769423
420,5,0.5964912,0.0,0.0,5,0.83237696
268,16,0.35964912,0.5,1.0,1,0.63257045
2442,5,0.20175439,0.625,0.0,1,0.3978565
1016,0,0.07017544,0.75,0.0,2,0.39098704
7,12,0.81578946,0.75,0.0,5,0.94771117
2035,19,0.47368422,1.0,0.0,5,0.62996846
1833,7,0.55263156,0.75,1.0,4,0.54063386
89,3,0.68421054,0.25,1.0,1,0.04029701
2488,11,0.61403507,0.25,0.0,1,0.49125677
1885,11,0.4649123,0.0,1.0,4,0.9667187
43,14,0.28070176,0.125,1.0,2,0.9576903
1447,16,0.75438595,0.5,1.0,3,0.38380787
1667,18,0.12280702,0.75,0.0,1,0.1484666
1069,14,0.24561404,0.375,0.0,4,0.5694413
464,17,0.75438595,0.5,1.0,4,0.5207354
518,4,0.06140351,0.125,1.0,5,0.6737265
706,11,0.3859649,0.75,0.0,4,0.9401259
2078,17,0.34210527,0.25,1.0,1,0.027550288
2025,10,0.32456142,0.125,0.0,4,0.56346875
2314,2,0.1754386,1.0,0.0,3,0.27862352
1585,19,0.69298244,0.5,1.0,1,0.8585862
186,7,0.7631579,0.875,1.0,3,0.98467803
2439,9,0.8684211,0.625,0.0,3,0.34419268
669,14,0.92105263,0.375,1.0,4,0.20201123
1437,3,0.42982456,0.125,1.0,5,0.1438928
1319,1,0.64912283,1.0,1.0,4,0.9523297
494,4,0.9649123,0.0,1.0,1,0.97643626
98,10,0.68421054,0.625,1.0,4,0.067358375
40,9,0.7982456,1.0,0.0,5,0.33595562
2334,2,0.5877193,0.25,1.0,2,0.18175231
228,7,0.0,0.75,0.0,5,0.4093671
1320,6,0.8596491,0.375,0.0,2,0.25875413
1506,3,0.55263156,0.625,0.0,5,0.31778404
2452,6,0.98245615,0.375,0.0,1,0.5918264
831,7,0.32456142,1.0,0.0,3,0.04031069
4,6,0.4473684,0.5,0.0,1,0.6913161
1898,13,0.27192983,0.875,0.0,2,0.6552943
405,3,0.7719298,0.125,1.0,1,0.25122115
792,6,0.47368422,0.25,1.0,1,0.35854104
941,19,0.02631579,0.125,0.0,5,0.24319565
2413,11,0.47368422,0.0,0.0,4,0.7942076
1107,11,0.21929824,0.375,0.0,1,0.1234674
112,16,0.13157895,0.25,1.0,3,0.51310766
889,13,0.78070176,0.625,0.0,2,0.80269444
1105,19,0.5,1.0,1.0,3,0.7619709
119,16,0.92105263,0.375,0.0,3,0.33792025
2089,5,0.64912283,0.75,0.0,5,0.0023870608
1608,0,0.51754385,0.75,1.0,3,0.22953598
1522,15,0.7982456,0.75,0.0,4,0.14729115
564,17,0.42982456,0.25,1.0,3,0.47497374
1868,15,0.9649123,0.375,1.0,2,0.39534464
945,3,0.6666667,0.875,1.0,3,0.09098773
1550,16,0.5,0.75,1.0,1,0.8147078
633,0,0.33333334,0.25,0.0,4,0.05986264
1285,2,0.21052632,0.375,0.0,1,0.98867065
2210,7,0.6666667,0.625,1.0,1,0.5532956
1185,5,0.78070176,0.125,0.0,2,0.24993932
1631,18,0.0877193,0.0,0.0,4,0.5610642
134,15,0.16666667,0.625,0.0,4,0.14466237
2272,3,0.8684211,0.75,0.0,3,0.34928295
2412,19,0.27192983,1.0,0.0,4,0.033668302
2192,7,0.71929824,0.5,1.0,3,0.113583446
103,17,0.2982456,0.75,1.0,4,0.4810277
1799,17,0.92105263,0.25,0.0,2,0.41408277
257,4,0.5614035,1.0,1.0,2,0.008443862
611,8,0.8947368,0.5,0.0,5,0.76269567
2421,6,0.48245615,0.875,1.0,1,0.45207107
64,9,0.7631579,0.625,0.0,1,0.16586393
2356,3,0.64912283,1.0,0.0,2,0.6412272
346,2,0.28070176,0.25,0.0,1,0.19494821
888,7,0.32456142,0.75,0.0,2,0.95872307
51,2,0.6754386,1.0,1.0,2,0.13957216
1183,9,0.16666667,0.125,1.0,1,0.28164235
2048,7,0.2982456,1.0,0.0,1,0.84258103
698,7,0.22807017,0.125,0.0,4,0.85456985
2002,15,0.28070176,0.875,0.0,3,0.77678156
835,4,0.51754385,0.375,1.0,4,0.45591155
2003,14,0.7017544,0.5,0.0,5,0.8352368
198,17,0.42105263,0.5,0.0,2,0.85324186
1510,2,0.00877193,0.75,0.0,5,0.5587844
2083,18,0.2631579,0.5,1.0,2,0.5423125
297,4,0.36842105,0.125,0.0,1,0.5150314
2383,17,0.36842105,0.75,0.0,5,0.77193993
1665,12,0.50877196,0.875,1.0,4,0.082635626
940,14,0.81578946,0.25,1.0,2,0.15146326
2391,7,0.80701756,0.125,0.0,2,0.53166956
872,13,0.35964912,0.125,1.0,5,0.5671676
347,14,0.22807017,0.0,1.0,5,0.8804014
1288,19,0.75438595,0.5,0.0,1,0.53766614
1162,19,0.5701754,0.375,1.0,2,0.868046
37,17,0.0,0.375,0.0,4,0.09797263
1371,4,0.8333333,0.75,0.0,5,0.30479327
2026,9,0.42105263,0.625,1.0,3,0.22471179
1388,10,0.23684211,0.875,1.0,1,0.8957354
441,5,0.18421052,0.5,0.0,2,0.28680435
1991,0,0.31578946,1.0,1.0,1,0.12109192
1556,12,0.88596493,0.75,1.0,5,0.5063964
1794,14,0.8333333,0.75,1.0,5,0.7900023
1714,0,0.5350877,0.125,1.0,2,0.6173932
2245,3,0.03508772,0.875,0.0,1,0.12824538
2112,13,0.06140351,0.75,0.0,4,0.4680133
962,9,0.15789473,0.0,0.0,2,0.5785973
334,18,0.39473686,0.5,1.0,3,0.8717505
539,10,0.8947368,0.25,0.0,1,0.09016131
742,15,0.99122804,0.375,1.0,4,0.49373224
497,18,0.3508772,1.0,0.0,3,0.7350653
218,9,0.1754386,0.125,0.0,2,0.87475294
1324,17,0.02631579,0.375,0.0,2,0.68342996
707,2,0.99122804,0.5,0.0,2,0.28970236
1966,0,0.5350877,0.125,0.0,4,0.44143295
2338,12,0.3508772,0.125,1.0,2,0.01111494
731,9,0.32456142,0.125,1.0,2,0.52332664
744,19,0.9035088,0.0,0.0,3,0.06020788
1489,1,0.47368422,1.0,1.0,5,0.49945515
1359,13,0.9035088,0.5,1.0,1,0.6545809
1625,9,0.0877193,0.375,1.0,2,0.15863422
1126,2,0.6403509,0.375,0.0,5,0.44323334
2389,8,0.9122807,0.75,0.0,5,0.91422224
1572,11,0.15789473,0.25,1.0,5,0.6293552
934,2,0.45614034,0.125,1.0,5,0.14405844
88,16,0.98245615,0.75,0.0,1,0.6919513
569,19,0.75438595,0.0,1.0,1,0.22753721
1313,13,0.12280702,0.25,0.0,3,0.056760132
1006,16,0.02631579,0.875,1.0,1,0.85202503
1633,15,0.078947365,0.75,1.0,4,0.17831764
331,7,0.05263158,0.875,1.0,5,0.37166354
196,3,0.37719297,0.25,1.0,2,0.7996591
584,0,0.1491228,0.625,1.0,1,0.07800991
2443,4,0.7368421,0.625,0.0,1,0.48269185
1857,6,0.5,0.0,0.0,4,0.11550536
1765,1,0.88596493,0.75,0.0,4,0.91973084
1009,9,0.34210527,0.125,0.0,3,0.8535013
594,18,0.6315789,1.0,1.0,4,0.31911126
1788,18,0.3508772,0.0,1.0,3,0.7207485
1301,3,0.18421052,0.0,1.0,1,0.13287959
39,3,0.9035088,0.375,0.0,2,0.98322564
1405,10,0.35964912,0.25,0.0,4,0.1185483
2476,7,0.92105263,0.875,1.0,3,1.0
36,0,0.6315789,0.375,1.0,2,0.32501987
1504,1,0.19298245,0.375,0.0,2,0.6849639
1722,2,0.4122807,1.0,0.0,3,0.119766414
1007,16,0.84210527,0.75,1.0,3,0.40083846
1518,5,0.2982456,0.875,1.0,5,0.30820784
547,18,0.31578946,0.0,0.0,4,0.6743633
1130,13,0.6315789,0.25,1.0,2,0.574283
917,2,0.7105263,0.875,0.0,1,0.14317971
1867,13,0.94736844,0.875,1.0,1,0.7733397
2092,15,0.0,0.375,0.0,3,0.4658859
1604,5,0.47368422,0.375,1.0,3,0.59689873
818,12,0.99122804,0.0,0.0,1,0.81469905
1873,19,0.12280702,0.625,1.0,5,0.12083193
270,11,0.81578946,0.375,0.0,4,0.37891316
1270,9,0.19298245,0.0,1.0,5,0.9556341
122,19,0.50877196,0.0,1.0,3,0.9870183
2445,5,0.6403509,0.625,0.0,3,0.7074304
503,3,0.4385965,0.125,1.0,1,0.34369627
1687,4,0.114035085,0.75,0.0,4,0.22278287
1737,11,0.35964912,0.5,0.0,4,0.36305436
692,8,0.18421052,0.875,1.0,4,0.8214307
1909,9,0.622807,0.5,0.0,4,0.83077735
566,15,0.32456142,0.5,1.0,2,0.41019753
773,17,0.94736844,0.875,0.0,3,0.4634753
741,18,0.80701756,0.375,1.0,2,0.9863929
836,0,0.27192983,0.125,0.0,2,0.8958225
2016,13,0.61403507,0.875,1.0,2,0.91225785
1055,14,0.8245614,0.0,1.0,3,0.11052708
18,14,0.57894737,0.75,1.0,2,0.58946526
1424,9,0.45614034,1.0,1.0,4,0.38129604
307,2,1.0,0.125,0.0,4,0.3738581
1160,5,0.69298244,1.0,0.0,3,0.72750956
2077,13,0.0,0.0,0.0,5,0.8340611
2237,8,0.54385966,0.375,1.0,4,0.66013783
790,6,0.16666667,0.5,1.0,4,0.10710535
2134,4,0.8245614,0.875,1.0,1,0.33829325
1338,16,0.3508772,0.0,1.0,4,0.48681715
1106,17,0.4385965,0.25,1.0,5,0.3739376
2207,14,0.4649123,0.375,0.0,1,0.026364677
2302,4,0.4122807,0.375,0.0,2,0.42991906
1979,12,0.5350877,0.625,1.0,3,0.9314132
637,18,0.096491225,0.0,0.0,4,0.96586114
1409,14,0.2631579,0.125,1.0,3,0.41396198
2202,4,0.51754385,1.0,1.0,5,0.32375163
648,7,0.64912283,0.0,0.0,1,0.52370983
1743,0,0.94736844,0.125,1.0,2,0.6245975
332,4,0.80701756,1.0,0.0,5,0.44780558
847,1,0.5614035,0.125,1.0,3,0.20211335
1960,9,0.95614034,0.625,1.0,2,0.06156814
1271,0,0.3859649,0.625,1.0,4,0.62914044
70,8,0.4473684,0.5,0.0,3,0.19858079
1418,6,0.88596493,0.5,1.0,5,0.615081
219,13,0.9736842,0.25,0.0,4,0.02944379
2046,0,0.42105263,0.25,1.0,4,0.20093699
1807,19,0.99122804,0.875,0.0,2,0.8473894
1954,1,0.81578946,0.5,0.0,5,0.4277977
475,13,0.20175439,0.25,1.0,3,0.4797935
1148,17,0.36842105,0.75,1.0,5,0.38215548
146,2,0.8333333,0.375,0.0,4,0.74269354
1802,12,0.2631579,0.375,0.0,5,0.4676346
1227,8,0.0877193,0.625,1.0,3,0.23352253
457,7,0.078947365,0.25,1.0,3,0.84335715
1090,19,0.80701756,0.125,1.0,3,0.64645547
2384,18,0.3859649,0.875,0.0,5,0.47011232
681,18,0.1491228,0.125,0.0,2,0.3433769
127,4,0.40350878,0.75,1.0,1,0.9122873
1646,6,0.92105263,0.375,0.0,2,0.96441364
2401,15,0.622807,0.5,1.0,4,0.12571968
2227,2,0.8596491,1.0,0.0,1,0.8887488
45,1,0.69298244,0.75,0.0,2,0.4765274
1768,3,0.8596491,1.0,0.0,1,0.056030143
2248,2,0.85087717,0.5,1.0,4,0.632459
217,12,0.8596491,0.375,1.0,4,0.789878
1717,15,0.05263158,0.625,0.0,4,0.43987727
348,2,0.19298245,0.625,1.0,1,0.4004868
1214,6,0.27192983,0.125,0.0,1,0.33239028
954,17,0.95614034,0.625,0.0,3,0.18791637
1208,5,0.13157895,0.75,1.0,4,0.18076314
1850,18,0.35964912,0.375,1.0,1,0.92980283
1598,19,0.57894737,0.0,0.0,1,0.36508256
534,13,0.65789473,0.75,0.0,5,0.8259376
1229,8,0.99122804,0.5,1.0,1,0.970708
1940,7,0.50877196,0.625,0.0,3,0.88432044
2212,17,0.6052632,0.25,1.0,3,0.6573154
1444,12,0.16666667,0.25,0.0,4,0.04912436
1519,3,0.7280702,0.875,0.0,1,0.5928045
666,18,0.75438595,0.625,1.0,4,0.1700362
66,7,0.1491228,0.0,0.0,4,0.38626853
2158,1,0.24561404,1.0,0.0,2,0.99831367
1408,3,0.18421052,0.875,0.0,3,0.01877658
2173,19,0.5,0.375,0.0,4,0.51170206
1175,3,0.4649123,0.875,1.0,2,0.08240956
634,15,0.21929824,0.375,0.0,5,0.040711682
1023,14,0.5964912,0.0,1.0,3,0.6420332
1257,18,0.27192983,0.0,0.0,1,0.59424543
492,5,0.3859649,0.75,1.0,5,0.58320034
1136,0,0.05263158,0.375,0.0,3,0.8427023
1764,12,0.9736842,0.75,1.0,3,0.05533933
913,15,0.37719297,0.0,1.0,3,0.24373621
1304,14,0.94736844,0.25,0.0,1,0.45608392
465,11,0.37719297,1.0,0.0,1,0.28152162
303,19,0.9298246,0.5,0.0,4,0.9313883
240,16,0.36842105,0.0,1.0,3,0.041426018
385,19,0.61403507,0.75,1.0,2,0.21632406
2400,16,0.30701753,0.75,0.0,4,0.39440495
682,19,0.2982456,0.25,1.0,3,0.4335824
2430,0,0.6052632,0.0,1.0,1,0.08259623
17,7,0.42105263,0.25,0.0,2,0.71325576
1744,14,0.9035088,0.25,1.0,1,0.85448176
2381,16,0.57894737,0.875,1.0,1,0.64110446
2065,1,0.3859649,0.5,0.0,2,0.07960681
1541,9,0.88596493,0.75,1.0,2,0.59322035
2264,10,0.99122804,0.75,1.0,1,0.33872917
167,7,0.04385965,0.75,0.0,2,0.6066189
305,8,0.6052632,0.125,0.0,2,0.0031495858
1757,3,0.50877196,0.625,0.0,5,0.7698331
1197,15,0.74561405,0.875,1.0,1,0.28566432
1546,3,0.25438598,0.0,1.0,3,0.13351864
406,13,0.65789473,0.75,0.0,4,0.72568333
885,1,0.8684211,0.875,0.0,3,0.8558079
2487,15,0.28070176,0.75,1.0,1,0.32293618
1362,16,0.49122807,0.25,0.0,3,0.6525806
174,1,0.18421052,0.5,0.0,4,0.95685214
111,6,0.18421052,0.375,0.0,3,0.9650116
1622,14,0.7894737,0.75,0.0,3,0.80662024
2022,2,0.64912283,0.125,1.0,2,0.32700258
959,16,0.622807,0.25,1.0,5,0.40863696
2269,6,0.8947368,0.875,0.0,4,0.78978854
2116,19,0.19298245,0.625,0.0,1,0.91585803
1521,2,0.12280702,0.0,1.0,1,0.3514333
693,2,0.31578946,0.875,1.0,4,0.56606984
2468,15,0.7982456,0.0,1.0,3,0.9739791
1864,6,0.39473686,0.5,1.0,2,0.8691628
2156,9,0.3859649,0.375,1.0,4,0.09351621
1708,14,0.75438595,0.875,1.0,1,0.4726803
1342,11,0.21929824,0.125,0.0,5,0.15581948
120,0,0.40350878,1.0,0.0,5,0.51660377
1599,15,0.06140351,0.75,0.0,4,0.48861396
2073,8,0.71929824,0.625,0.0,2,0.7599271
1527,19,0.5701754,0.375,1.0,5,0.6362209
2420,1,0.6315789,0.5,1.0,4,0.8828468
1129,7,0.6666667,0.625,0.0,4,0.81328684
859,3,0.80701756,0.5,0.0,4,0.24568781
2072,17,0.47368422,1.0,1.0,5,0.8795191
1181,16,0.7982456,0.5,0.0,5,0.7905121
1917,17,0.49122807,0.125,1.0,3,0.11481009
437,0,0.48245615,0.625,0.0,5,0.0
854,1,0.98245615,0.25,1.0,4,0.37888974
598,7,0.7631579,1.0,0.0,3,0.5264568
1461,12,0.92105263,0.25,1.0,3,0.3785562
190,9,0.0,0.5,1.0,5,0.104418114
1728,0,0.94736844,1.0,0.0,4,0.20641433
137,9,0.42105263,0.75,1.0,5,0.15829103
1378,10,0.31578946,0.5,0.0,3,0.14268444
689,0,0.64912283,0.125,1.0,1,0.40015385
797,6,0.95614034,0.375,1.0,5,0.36308575
459,18,0.22807017,1.0,1.0,4,0.77865386
1592,13,0.32456142,0.625,1.0,2,0.3402872
1615,10,0.07017544,0.125,1.0,5,0.89204204
162,19,0.00877193,0.125,0.0,4,0.119959496
570,7,0.19298245,1.0,0.0,3,0.46402794
626,12,0.81578946,0.0,1.0,5,0.29899833
732,18,0.3859649,0.0,1.0,3,0.093592644
842,6,0.9649123,0.25,0.0,1,0.15183342
740,3,0.4385965,0.25,1.0,5,0.33313903
256,19,0.37719297,0.625,0.0,3,0.26789945
189,14,0.84210527,0.125,1.0,2,0.96999216
1143,11,0.4649123,0.75,1.0,5,0.7760155
2196,5,0.5,0.125,0.0,5,0.28129348
1452,15,0.6666667,0.75,0.0,5,0.74632615
676,14,0.40350878,0.125,0.0,5,0.7093302
1140,4,0.57894737,0.75,0.0,2,0.8625461
1093,16,0.096491225,0.25,0.0,5,0.4515664
1886,4,0.28947368,0.375,0.0,4,0.7048781
2397,11,0.54385966,0.375,0.0,4,0.04717038
527,7,0.28070176,0.75,1.0,3,0.7637769
1321,6,0.7105263,0.75,0.0,3,0.31681144
2292,13,0.40350878,0.875,1.0,2,0.6722946
1082,16,0.39473686,0.125,0.0,5,0.07386912
206,4,0.99122804,0.375,1.0,5,0.5351094
1212,15,0.45614034,0.625,0.0,3,0.10645926
975,16,0.81578946,0.5,0.0,2,0.24404924
34,7,0.54385966,0.5,1.0,4,0.3767359
1120,0,0.30701753,0.875,0.0,1,0.50890905
2479,9,0.18421052,1.0,0.0,1,0.8725194
658,9,0.78070176,0.75,0.0,1,0.24703111
582,14,0.47368422,0.625,1.0,4,0.95327765
1471,10,0.9649123,0.75,1.0,1,0.15499702
461,17,0.21929824,0.625,0.0,3,0.8898799
653,19,0.37719297,0.375,1.0,3,0.8537314
2240,18,0.19298245,0.75,1.0,5,0.09121952
2044,4,0.42982456,0.25,1.0,1,0.470799
361,9,0.99122804,0.125,0.0,1,0.36328852
951,16,0.4385965,1.0,0.0,3,0.71421903
3,16,0.04385965,0.25,1.0,2,0.6766612
876,1,0.39473686,0.75,0.0,5,0.5609688
2031,16,1.0,0.625,0.0,5,0.9165324
106,4,0.622807,0.375,1.0,3,0.55345553
514,7,0.5614035,0.0,0.0,3,0.6429091
568,2,0.6403509,0.0,1.0,5,0.62581265
180,0,0.622807,0.125,0.0,4,0.22415352
992,17,0.096491225,0.5,0.0,3,0.22447543
472,10,0.32456142,0.125,0.0,5,0.28328022
90,14,0.33333334,0.125,0.0,5,0.28893176
902,15,0.8684211,0.375,0.0,1,0.53174096
391,12,0.22807017,0.625,0.0,5,0.8282522
999,9,0.096491225,0.0,0.0,1,0.3690634
1512,14,0.4385965,0.875,1.0,4,0.60759956
1485,16,0.68421054,0.75,1.0,2,0.7448333
1953,19,0.15789473,0.875,0.0,2,0.85630715
1376,18,0.74561405,1.0,1.0,2,0.09073777
2131,8,0.21929824,0.5,1.0,1,0.599224
2367,17,0.80701756,0.75,0.0,5,0.5734012
2395,5,0.5614035,0.25,0.0,1,0.91002774
24,11,0.02631579,0.125,0.0,1,0.122420676
1108,13,0.7894737,0.625,0.0,5,0.23486191
1593,15,0.36842105,0.75,0.0,1,0.9303459
1238,14,0.7982456,0.875,1.0,1,0.971749
1061,1,0.32456142,0.875,1.0,5,0.9334961
1381,13,0.50877196,0.25,0.0,5,0.97600305
1305,9,0.7631579,0.25,1.0,2,0.67213506
19,16,0.02631579,1.0,0.0,2,0.5122057
1796,10,0.85087717,0.625,0.0,1,0.17323622
1952,12,0.49122807,0.375,0.0,5,0.41756877
697,19,0.4385965,0.5,0.0,2,0.6421855
2148,16,0.5350877,0.25,0.0,2,0.42328373
679,13,1.0,0.125,0.0,3,0.43645996
1950,2,0.80701756,0.125,0.0,4,0.025034059
336,8,0.6052632,0.5,0.0,4,0.686462
610,19,0.7368421,0.375,1.0,3,0.75095904
1019,19,0.07017544,0.625,1.0,3,0.29588
998,9,0.40350878,0.125,1.0,4,0.82994306
1635,6,0.7982456,1.0,1.0,4,0.97822315
1927,15,0.36842105,1.0,0.0,3,0.23498201
1842,4,0.4122807,1.0,0.0,4,0.21946943
31,16,0.5,0.25,0.0,5,0.72963166
1280,18,0.54385966,0.375,1.0,2,0.48741093
424,6,0.99122804,0.75,1.0,1,0.8233675
1618,13,0.05263158,0.625,0.0,2,0.6633335
558,8,0.22807017,0.375,0.0,1,0.3908326
1609,12,0.02631579,0.875,0.0,1,0.41863155
436,8,0.2631579,0.875,1.0,2,0.00081700814
2143,10,0.4385965,0.75,0.0,5,0.43279594
661,11,0.13157895,0.875,1.0,3,0.98495245
1621,17,0.71929824,0.125,0.0,1,0.5047653
9,0,0.096491225,0.75,0.0,2,0.8907565
2197,7,0.75438595,0.375,1.0,2,0.59527117
400,17,0.06140351,0.0,0.0,2,0.14762154
2135,12,0.22807017,1.0,1.0,1,0.7001002
1154,16,0.39473686,0.0,1.0,4,0.32240206
2466,6,0.5,0.625,1.0,4,0.4956954
237,9,0.69298244,0.875,0.0,4,0.6953041
1245,11,0.40350878,0.75,0.0,5,0.6445642
1230,9,0.74561405,0.25,1.0,5,0.0043058377
1911,19,1.0,0.875,0.0,1,0.81381446
1800,12,0.6666667,0.875,1.0,2,0.31888345
629,0,0.3508772,0.25,0.0,5,0.58413863
733,3,0.6052632,0.5,1.0,5,0.8798243
1115,12,0.078947365,0.0,0.0,2,0.8836638
947,17,0.3859649,0.125,0.0,4,0.92293805
1649,7,0.6403509,0.625,1.0,5,0.6187184
1508,19,0.19298245,0.375,0.0,4,0.50049603
704,18,0.80701756,0.625,1.0,2,0.89057124
2480,10,0.9035088,0.625,1.0,4,0.9086996
1150,9,0.02631579,0.75,1.0,5,0.47849318
81,1,0.3508772,0.75,0.0,1,0.90821683
251,1,0.6315789,0.5,0.0,3,0.23570761
828,11,0.22807017,0.0,0.0,3,0.3113968
1861,13,0.9736842,0.5,0.0,3,0.2185695
2360,3,0.8596491,0.125,1.0,5,0.75380474
1524,5,0.49122807,0.75,1.0,5,0.5889967
374,17,0.00877193,0.625,0.0,2,0.43610635
1439,14,0.48245615,0.125,1.0,4,0.8083429
1393,17,0.16666667,0.75,1.0,1,0.48232234
2159,11,0.22807017,0.625,0.0,1,0.8533828
42,15,0.1754386,0.625,1.0,1,0.87002486
1826,8,0.64912283,0.125,0.0,3,0.68160665
371,3,0.35964912,0.0,1.0,5,0.6948288
724,17,0.21052632,0.125,0.0,1,0.5802594
57,7,0.5263158,0.75,1.0,2,0.32612735
2130,6,0.37719297,0.75,0.0,3,0.27578506
1401,16,0.64912283,0.5,0.0,4,0.39778572
1360,1,0.877193,0.5,1.0,2,0.81806153
602,4,0.50877196,0.25,1.0,5,0.37566322
1191,8,0.04385965,0.375,1.0,5,0.2296351
1123,9,0.6052632,0.125,1.0,2,0.47109246
2455,16,0.6052632,0.0,1.0,4,0.83663106
176,19,0.81578946,0.125,0.0,3,0.55892205
1808,14,0.01754386,0.875,0.0,2,0.46956804
589,19,0.40350878,0.125,0.0,2,0.7817495
709,7,0.48245615,0.125,1.0,3,0.4679495
659,4,0.5877193,0.5,1.0,1,0.018522978
27,10,0.5877193,0.125,0.0,5,0.55585325
1307,9,0.7368421,1.0,1.0,5,0.16916072
938,18,0.8245614,0.5,0.0,1,0.67431635
1369,15,0.50877196,0.125,1.0,1,0.9159455
0,18,0.36842105,0.875,0.0,3,0.72177005
1859,9,0.5877193,0.25,0.0,2,0.81237185
94,3,0.877193,0.75,0.0,4,0.93862617
540,9,0.7105263,0.75,1.0,5,0.7015679
621,18,0.94736844,0.625,0.0,5,0.20641686
1242,17,0.10526316,0.125,1.0,2,0.58978724
152,3,0.1491228,0.875,1.0,1,0.6797642
2270,15,0.07017544,0.625,1.0,2,0.50906473
871,16,0.81578946,0.25,0.0,2,0.1555661
735,0,0.25438598,0.625,1.0,5,0.119184636
209,1,0.3508772,0.5,1.0,1,0.8303185
1391,15,0.84210527,0.75,0.0,4,0.16996266
578,1,0.16666667,0.25,1.0,4,0.91622025
169,17,0.9122807,0.75,0.0,4,0.28268084
1560,19,0.6052632,0.5,0.0,1,0.77786
1887,3,0.19298245,0.625,1.0,3,0.9551924
1034,7,0.7631579,0.375,1.0,5,0.4429458
1203,11,0.14035088,0.875,1.0,1,0.6701375
2293,14,0.078947365,0.5,0.0,1,0.82083607
1365,16,0.42105263,0.25,0.0,1,0.19743265
2164,7,0.55263156,0.0,0.0,2,0.5470397
2308,2,0.48245615,0.75,0.0,5,0.25394642
912,19,0.15789473,1.0,1.0,4,0.1163755
235,12,0.3859649,0.0,0.0,1,0.92730165
1081,5,0.8245614,0.0,0.0,1,0.19126076
1795,10,0.8245614,0.5,1.0,5,0.22977011
759,8,0.6403509,0.375,1.0,2,0.12152535
107,5,0.71929824,0.875,0.0,2,0.50178045
1677,16,0.5,0.375,1.0,5,0.12349652
28,4,0.21052632,0.25,0.0,2,0.24311076
1465,16,0.65789473,1.0,0.0,4,0.46011016
2265,7,0.88596493,0.75,0.0,2,0.27985662
618,5,0.85087717,0.0,1.0,3,0.60738194
1769,6,0.85087717,0.625,0.0,5,0.5328872
1339,6,0.4385965,1.0,0.0,3,0.19774956
159,4,0.61403507,0.25,0.0,2,0.2507642
1311,6,0.05263158,0.5,0.0,2,0.111762084
1661,12,0.20175439,0.125,1.0,3,0.21406588
291,19,0.39473686,0.75,1.0,4,0.76809406
656,0,0.5964912,0.0,0.0,1,0.783576
1010,18,0.4649123,0.75,0.0,5,0.36421373
1474,10,0.19298245,0.5,0.0,1,0.027361425
1702,17,0.04385965,1.0,1.0,3,0.96775216
819,12,0.42105263,0.0,1.0,1,0.3482818
136,9,0.10526316,0.75,1.0,5,0.35398826
641,19,0.7982456,0.375,0.0,4,0.80022293
1707,1,0.8245614,0.875,1.0,4,0.15207225
2274,19,0.34210527,0.625,1.0,3,0.507509
2122,6,0.18421052,0.5,0.0,1,0.43964782
875,4,0.6666667,0.125,1.0,1,0.6103825
529,18,0.9035088,0.125,0.0,2,0.4627631
903,5,0.7982456,0.125,0.0,4,0.62317723
1044,19,0.2631579,0.0,0.0,4,0.5602391
930,13,0.05263158,0.875,0.0,5,0.3829047
448,7,0.36842105,0.75,1.0,2,0.7553732
1469,1,0.3508772,1.0,0.0,5,0.804141
2189,17,0.7719298,0.375,1.0,3,0.3981958
468,15,0.25438598,0.375,0.0,1,0.21128084
2418,16,0.78070176,0.875,0.0,1,0.45775023
2344,16,0.42982456,0.125,0.0,1,0.87739456
1079,17,0.4649123,0.0,0.0,2,0.73712164
1543,0,0.9736842,0.25,1.0,2,0.8380903
1503,4,0.8947368,0.625,0.0,2,0.5785507
2294,13,0.34210527,0.625,1.0,4,0.42023912
1745,16,0.61403507,0.0,1.0,2,0.3712628
1869,19,0.34210527,0.75,0.0,5,0.9969743
680,17,0.19298245,0.5,0.0,2,0.55195475
466,2,0.9736842,0.875,0.0,5,0.37088042
1095,16,0.88596493,0.25,1.0,2,0.8940556
1738,12,0.88596493,0.875,1.0,5,0.2592161
763,4,0.0,0.75,0.0,3,0.08352881
1723,13,0.57894737,0.375,1.0,3,0.8978264
54,15,0.8947368,0.375,0.0,3,0.35020822
1316,5,0.31578946,0.0,1.0,1,0.852718
1891,3,0.7631579,0.0,1.0,5,0.496493
1133,13,0.3859649,0.625,0.0,4,0.08917482
1252,4,0.23684211,0.75,0.0,5,0.07936899
1828,11,0.65789473,0.75,1.0,5,0.14616756
1710,0,0.88596493,0.375,0.0,5,0.5816867
1442,2,0.8245614,0.875,1.0,3,0.4912885
1783,7,0.40350878,0.25,1.0,3,0.85663575
2375,8,0.2631579,1.0,0.0,4,0.3407854
988,10,0.5701754,0.625,1.0,4,0.72373015
342,10,0.5701754,0.0,1.0,3,0.037126508
2028,10,0.6754386,0.125,0.0,3,0.75531256
373,4,0.54385966,0.5,0.0,2,0.8883331
2183,5,0.33333334,0.0,0.0,3,0.9231574
895,9,0.23684211,0.875,0.0,2,0.5344293
392,0,0.78070176,0.25,1.0,3,0.4584051
2278,6,0.37719297,0.5,1.0,3,0.69263476
545,19,0.9736842,0.5,1.0,2,0.95048696
1973,2,0.06140351,0.125,1.0,3,0.76235974
1357,17,0.12280702,0.875,1.0,5,0.85257757
2220,10,0.114035085,0.5,0.0,4,0.9481668
181,18,0.85087717,0.875,1.0,2,0.01794331
994,7,0.27192983,0.125,1.0,5,0.7013217
46,0,0.21929824,0.75,0.0,5,0.788292
2497,9,0.36842105,0.0,0.0,2,0.33618984
283,6,0.4473684,0.125,0.0,5,0.82551295
1295,19,0.34210527,0.75,1.0,4,0.25447538
1829,11,0.34210527,0.625,0.0,4,0.35405335
1463,9,0.21929824,0.5,1.0,3,0.69018596
1866,9,0.9298246,0.75,0.0,3,0.43692562
484,9,0.34210527,0.375,0.0,5,0.1693306
1918,6,0.3859649,0.75,0.0,2,0.16299586
147,13,0.28070176,0.0,0.0,2,0.37881523
541,10,0.5964912,0.25,0.0,2,0.67827183
1689,13,1.0,1.0,0.0,1,0.15011959
329,16,0.47368422,0.125,1.0,3,0.27456933
2070,7,0.65789473,0.125,0.0,3,0.20423591
1553,10,0.57894737,0.125,0.0,2,0.09996861
2399,9,0.2631579,0.625,0.0,1,0.640856
787,8,0.37719297,0.5,1.0,1,0.9383304
2064,6,0.06140351,0.75,0.0,4,0.29947358
1029,16,0.4649123,0.375,1.0,1,0.39252004
318,2,0.877193,1.0,1.0,3,0.10189902
171,4,0.2982456,0.625,1.0,2,0.13332783
1460,4,0.096491225,0.375,1.0,1,0.91242576
2474,8,0.0,1.0,1.0,3,0.92941105
87,2,0.6403509,0.625,1.0,3,0.0424666
1951,4,0.9035088,0.0,0.0,5,0.73464596
1805,14,0.22807017,0.375,0.0,3,0.81127137
1660,12,0.5964912,0.625,1.0,2,0.62797225
1835,2,0.5964912,0.625,1.0,5,0.033871602
971,14,0.32456142,0.75,0.0,4,0.024026306
509,5,0.15789473,0.375,0.0,1,0.4843794
426,1,0.5263158,0.375,1.0,4,0.52218753
1343,17,0.5964912,0.25,1.0,5,0.4684344
1558,3,0.7719298,0.0,0.0,3,0.91143495
1434,5,0.88596493,0.125,1.0,1,0.26663095
1299,14,0.80701756,0.375,0.0,5,0.7158655
807,10,0.6754386,0.0,1.0,1,0.9031885
862,17,0.01754386,0.875,1.0,2,0.9981833
1534,7,0.01754386,1.0,0.0,1,0.8011802
577,1,0.096491225,0.375,1.0,4,0.25976965
421,10,0.5701754,0.875,1.0,2,0.16616616
1356,19,1.0,0.25,1.0,3,0.54985654
1099,7,0.32456142,0.75,1.0,1,0.7053015
1059,11,0.0,0.0,0.0,5,0.60473794
914,3,0.34210527,0.875,0.0,5,0.54827607
1549,10,0.1491228,0.5,1.0,5,0.83125305
1493,2,0.5350877,0.5,0.0,4,0.39851564
1386,8,0.21929824,0.5,1.0,2,0.2063588
419,2,0.45614034,0.25,1.0,2,0.24492376
1562,13,0.6052632,0.625,0.0,1,0.71909267
2019,7,0.45614034,0.25,1.0,5,0.23937057
1996,16,0.10526316,0.5,0.0,5,0.7443512
809,9,0.9035088,0.375,0.0,4,0.11462069
2336,16,0.5,0.75,0.0,2,0.18491781
393,1,0.5,0.125,0.0,5,0.005828898
192,6,0.24561404,0.0,0.0,4,0.7970652
2246,18,0.71929824,1.0,0.0,2,0.7760041
2458,11,0.6666667,1.0,1.0,3,0.5367743
1750,8,0.7017544,0.875,0.0,4,0.79981756
452,5,0.80701756,0.0,1.0,5,0.5297072
1352,12,0.19298245,0.625,0.0,3,0.80365986
1244,8,0.99122804,0.625,0.0,1,0.43305877
2324,17,0.80701756,0.0,0.0,5,0.12734832
339,4,0.4122807,0.625,1.0,4,0.33280474
2169,19,0.5877193,0.375,0.0,3,0.28158924
445,2,0.45614034,0.25,0.0,1,0.14168477
2200,5,0.31578946,0.375,1.0,2,0.055349447
1269,9,0.92105263,0.0,0.0,2,0.41059405
645,10,0.9122807,0.875,1.0,2,0.30693096
591,11,0.096491225,0.625,0.0,2,0.87790126
1367,3,0.078947365,0.25,1.0,4,0.7161294
1402,7,0.21929824,0.25,1.0,5,0.8248173
1567,13,0.31578946,0.5,0.0,4,0.4258451
1513,0,0.64912283,0.25,1.0,1,0.3195976
1031,6,0.3859649,0.375,0.0,2,0.83414745
745,18,0.04385965,0.375,1.0,3,0.8899905
246,19,0.8684211,0.625,1.0,2,0.21885504
2209,14,0.48245615,0.25,1.0,2,0.4693728
351,3,0.5614035,0.25,1.0,2,0.24061066
21,9,0.13157895,0.625,1.0,5,0.26171604
2305,3,0.9035088,0.25,1.0,1,0.7628234
2051,11,0.34210527,0.125,0.0,2,0.17209895
816,14,0.3859649,0.125,1.0,1,0.90064
1384,6,0.3508772,0.5,1.0,2,0.8253625
1557,17,0.92105263,0.75,1.0,4,0.33282682
1793,19,0.1754386,0.25,1.0,4,0.15333335
1128,12,0.8684211,0.125,0.0,2,0.49092937
663,19,0.99122804,0.25,1.0,3,0.2547292
289,0,0.5877193,0.625,0.0,4,0.097899854
1962,10,0.23684211,0.0,0.0,3,0.8470822
2229,1,0.69298244,0.5,0.0,1,0.47004354
1995,7,0.622807,0.875,0.0,4,0.7088493
1858,4,0.94736844,1.0,0.0,2,0.99642
519,2,0.20175439,0.375,1.0,4,0.019761795
969,17,0.49122807,0.25,0.0,1,0.8873535
881,1,0.65789473,0.875,0.0,5,0.31572494
1043,4,0.7719298,0.25,1.0,3,0.4307044
1832,17,0.096491225,0.0,0.0,4,0.9053701
2081,4,0.15789473,1.0,0.0,1,0.17686173
1163,3,0.6403509,0.875,0.0,5,0.5438087
30,10,0.51754385,0.25,1.0,4,0.0045460593
522,14,0.0877193,0.25,0.0,5,0.38265517
1464,4,0.16666667,1.0,1.0,1,0.483398
1374,14,0.00877193,0.75,1.0,3,0.056205317
1476,2,0.7017544,0.25,1.0,4,0.34959483
395,10,0.33333334,0.0,1.0,2,0.13129823
820,14,0.4385965,0.5,0.0,5,0.018637331
178,1,0.3859649,0.75,1.0,4,0.31394926
316,0,0.99122804,0.25,0.0,2,0.59844136
115,3,0.22807017,0.5,1.0,3,0.2282499
324,16,0.5350877,0.125,0.0,1,0.030227892
1712,11,0.74561405,0.5,1.0,2,0.25314042
1272,3,0.2631579,0.5,0.0,1,0.5715151
2060,15,0.36842105,1.0,0.0,3,0.8896995
1853,12,0.95614034,0.125,1.0,4,0.18740867
907,6,0.5263158,0.875,1.0,5,0.7508224
2155,0,0.9385965,0.0,1.0,3,0.8887997
1166,14,0.9298246,0.625,0.0,1,0.72670966
2489,13,0.40350878,0.875,1.0,4,0.3479182
208,0,0.6052632,0.75,0.0,4,0.79245
2175,11,0.9122807,0.125,0.0,4,0.819446
2199,10,0.19298245,0.0,0.0,4,0.978155
1784,8,0.8947368,0.375,1.0,4,0.6256357
326,2,0.9122807,0.5,0.0,1,0.933841
164,14,0.47368422,0.125,1.0,5,0.05850487
511,9,0.9649123,0.0,0.0,5,0.43273905
357,14,0.5701754,0.125,0.0,4,0.8113362
980,8,0.5614035,0.125,0.0,5,0.41783166
1893,2,0.7631579,0.0,0.0,3,0.6692763
657,4,0.7280702,0.125,1.0,5,0.9923876
769,1,0.7982456,0.375,0.0,2,0.19861257
636,9,0.78070176,0.625,1.0,1,0.9891089
1088,11,0.13157895,0.25,1.0,3,0.97839874
1248,7,0.7719298,0.625,0.0,1,0.40883067
2369,2,0.7280702,0.0,1.0,4,0.48630357
1350,18,0.42105263,0.25,1.0,3,0.6928194
524,2,0.9035088,0.75,1.0,3,0.75765985
925,15,1.0,0.125,0.0,3,0.47352338
1101,15,0.6315789,0.875,0.0,2,0.78398263
2364,2,0.33333334,0.75,0.0,1,0.38640344
2004,6,0.1754386,0.625,0.0,2,0.9637507
2178,7,0.9736842,0.375,1.0,4,0.6660735
1094,9,0.99122804,0.125,1.0,5,0.39220196
2319,9,0.42105263,0.75,1.0,4,0.0033024258
1264,13,0.5,0.375,1.0,3,0.22805993
2447,19,0.9649123,0.5,1.0,1,0.13658781
897,18,0.61403507,1.0,1.0,4,0.20944546
462,6,0.18421052,0.0,1.0,1,0.21046866
2463,1,0.5877193,0.625,1.0,2,0.28734294
47,7,0.37719297,0.125,0.0,4,0.9680663
434,19,0.6666667,0.625,0.0,2,0.26922086
2467,2,0.69298244,0.625,1.0,4,0.45749408
1053,13,0.0,0.5,0.0,3,0.7547303
1190,0,0.28947368,0.625,0.0,2,0.70780075
924,0,0.096491225,0.5,0.0,1,0.10384145
699,1,0.5350877,0.0,1.0,3,0.9767373
1063,0,0.622807,0.75,0.0,1,0.25261426
35,7,0.78070176,0.0,0.0,1,0.059031032
8,11,0.42105263,0.5,1.0,5,0.94243795
1963,7,0.40350878,0.25,0.0,1,0.7466924
1392,7,0.94736844,0.125,1.0,3,0.19187227
1225,19,0.4385965,1.0,0.0,5,0.27872825
952,0,0.42105263,0.125,0.0,3,0.84919995
150,1,0.10526316,0.125,1.0,5,0.6331966
1113,0,0.07017544,0.875,0.0,1,0.4596668
753,12,0.8333333,1.0,0.0,1,0.68282735
1209,4,0.30701753,0.75,1.0,4,0.90114367
2225,19,0.13157895,0.875,1.0,4,0.50207716
896,11,0.20175439,0.25,0.0,3,0.0007499477
1724,11,0.00877193,0.125,0.0,5,0.69130945
1823,7,0.2631579,1.0,1.0,2,0.72186416
612,12,0.6403509,0.375,1.0,2,0.54061085
1132,2,0.05263158,0.625,1.0,4,0.02396731
1380,7,0.68421054,0.75,1.0,2,0.28921297
1498,7,0.07017544,0.875,0.0,2,0.57967615
2495,7,0.9035088,0.75,1.0,4,0.32413486
1328,12,0.69298244,0.0,1.0,2,0.67596686
1505,4,0.7017544,1.0,1.0,2,0.88500935
1671,2,0.8333333,0.25,1.0,5,0.39221066
1134,0,0.2982456,0.875,0.0,5,0.61639816
686,8,0.99122804,1.0,0.0,2,0.22544177
604,0,0.9736842,0.625,0.0,3,0.3184515
1977,2,0.03508772,0.375,0.0,2,0.54381114
267,0,0.39473686,0.625,0.0,1,0.94366693
1176,18,0.4649123,1.0,1.0,5,0.8687009
1020,14,0.21052632,0.875,0.0,4,0.68470985
1566,11,0.6754386,0.125,1.0,3,0.69717485
2434,15,0.6754386,0.375,1.0,4,0.6158897
2097,9,0.7280702,0.375,0.0,2,0.8590731
904,7,0.57894737,0.375,0.0,1,0.7972215
2215,14,0.9649123,0.5,0.0,2,0.7710478
2160,4,0.9736842,0.125,1.0,4,0.39218682
384,10,0.5614035,0.375,0.0,2,0.45848826
713,6,0.07017544,0.875,0.0,1,0.98385626
1250,11,0.877193,0.125,0.0,4,0.12913156
1975,16,1.0,0.125,0.0,1,0.53059953
1889,18,0.7017544,0.875,1.0,5,0.8862218
2050,11,0.8245614,0.625,0.0,3,0.55290306
1944,4,0.21929824,0.5,1.0,2,0.4827688
2219,3,0.114035085,0.625,0.0,2,0.32831544
1974,10,0.28947368,0.625,1.0,5,0.4643529
23,14,0.80701756,0.625,0.0,1,0.5806624
667,19,0.98245615,0.625,1.0,4,0.5019155
1423,3,0.078947365,0.625,0.0,5,0.26832578
427,4,0.0,0.0,0.0,4,0.093094304
1852,3,0.7719298,0.375,1.0,5,0.6398254
1781,2,0.92105263,0.0,0.0,5,0.9797966
2015,14,0.80701756,0.25,0.0,3,0.5516706
2203,6,0.9298246,0.75,1.0,3,0.21591316
655,6,0.5964912,0.375,0.0,2,0.25518748
32,16,0.14035088,0.0,1.0,5,0.23358536
813,4,0.24561404,0.0,0.0,2,0.91840774
1298,0,0.5614035,0.75,0.0,3,0.06985666
2377,14,0.5614035,0.75,1.0,1,0.6566793
1263,10,0.69298244,0.0,1.0,5,0.1924934
1626,17,0.6403509,0.25,1.0,1,0.12109124
1262,1,0.95614034,0.375,0.0,2,0.8320645
1520,16,0.61403507,0.375,1.0,3,0.80755705
1193,1,0.69298244,0.25,1.0,3,0.7738505
1089,18,0.5350877,0.125,1.0,1,0.20373906
193,8,0.35964912,1.0,0.0,1,0.33872905
212,8,0.3508772,0.0,0.0,4,0.22376366
1118,4,0.37719297,0.375,0.0,3,0.2890775
722,1,0.42982456,0.625,0.0,3,0.8909782
1430,8,0.877193,0.25,0.0,1,0.7888763
1165,16,0.27192983,0.625,1.0,4,0.55006576
1569,15,0.49122807,0.75,1.0,5,0.9323786
1228,4,0.9298246,0.125,1.0,4,0.5804341
2243,5,0.49122807,0.0,0.0,4,0.7934421
2462,8,0.8684211,0.875,0.0,5,0.6821869
1486,18,0.88596493,0.25,1.0,2,0.5508415
1949,6,0.8596491,0.375,1.0,2,0.8086284
236,9,0.78070176,0.0,1.0,3,0.7923454
2161,4,1.0,0.0,1.0,3,0.36094558
2023,18,0.25438598,0.75,0.0,1,0.31120092
2380,4,0.88596493,0.875,0.0,5,0.7488828
1530,1,0.7631579,0.125,0.0,2,0.8406577
1202,6,0.12280702,0.375,1.0,1,0.8189214
1449,8,0.23684211,0.875,0.0,2,0.46429616
1713,7,0.28947368,0.625,1.0,4,0.4483564
2485,3,0.13157895,0.0,1.0,5,0.7265182
1732,17,0.54385966,0.75,0.0,4,0.8202398
1856,2,0.5877193,0.5,0.0,3,0.5139021
1178,5,0.04385965,0.125,1.0,2,0.9185255
616,17,0.18421052,0.75,0.0,5,0.15536268
1306,15,0.25438598,0.375,0.0,3,0.5787368
104,8,0.8684211,0.75,0.0,3,0.06436878
1111,11,0.27192983,0.0,0.0,3,0.055244986
805,10,0.33333334,0.875,1.0,2,0.77205575
2297,17,0.07017544,0.125,0.0,3,0.33977118
1870,4,0.078947365,0.0,0.0,2,0.54516274
2268,15,0.6052632,0.375,0.0,5,0.6254313
450,7,0.01754386,0.0,0.0,5,0.6512018
974,18,0.7280702,0.375,0.0,3,0.16757552
1848,3,0.28947368,0.875,0.0,2,0.9830875
2424,5,0.16666667,0.375,1.0,5,0.5491332
795,9,0.078947365,0.375,0.0,2,0.6510073
2216,2,0.4473684,0.5,1.0,5,0.14608939
984,0,0.65789473,1.0,1.0,3,0.5766009
970,8,0.1491228,0.375,1.0,5,0.13305171
338,12,0.6754386,0.375,1.0,2,0.28984046
1421,1,0.64912283,0.75,1.0,3,0.3862604
449,4,0.6052632,0.25,0.0,1,0.46310467
1056,7,0.4649123,0.75,1.0,2,0.1897988
976,11,0.20175439,0.125,0.0,4,0.49586445
1494,2,0.9385965,0.25,0.0,1,0.703469
182,2,0.9649123,0.25,1.0,3,0.89936185
920,3,0.84210527,0.0,1.0,1,0.40929943
1491,19,0.19298245,0.625,0.0,1,0.035175193
352,18,0.80701756,0.0,1.0,1,0.79182863
687,10,0.48245615,0.5,0.0,1,0.49420223
1774,15,0.75438595,0.625,0.0,4,0.7871046
156,12,0.81578946,0.75,1.0,5,0.26273173
812,9,0.0,0.5,1.0,1,0.6787051
1441,3,0.9122807,0.375,0.0,1,0.211527
810,10,0.32456142,0.5,0.0,4,0.618788
433,13,0.15789473,0.0,1.0,5,0.7219893
2416,6,0.02631579,0.125,1.0,2,0.8132876
1293,2,0.6403509,0.875,1.0,2,0.3966646
834,10,0.92105263,0.625,0.0,4,0.35621482
2250,15,0.74561405,0.375,0.0,5,0.66118425
133,10,0.15789473,0.625,0.0,3,0.36904025
910,18,0.47368422,0.375,0.0,3,0.53130245
1641,11,0.7368421,0.625,1.0,2,0.13050888
1900,11,0.30701753,0.75,1.0,4,0.342117
2309,11,0.51754385,0.25,0.0,3,0.6226893
1213,14,0.99122804,0.875,0.0,4,0.052636713
554,1,0.65789473,0.125,0.0,4,0.9649369
1587,14,0.5701754,0.625,0.0,5,0.1624308
1956,18,0.9122807,0.375,0.0,4,0.9508046
1899,2,0.5,0.125,1.0,1,0.98333913
1361,11,0.69298244,0.125,0.0,4,0.118852094
613,3,0.00877193,0.0,0.0,2,0.32922095
276,16,0.57894737,0.25,0.0,5,0.9558511
378,2,0.45614034,0.75,0.0,2,0.050748102
877,7,0.65789473,0.125,1.0,4,0.7646355
1815,5,0.78070176,0.875,0.0,3,0.219201
2428,0,0.99122804,0.25,0.0,5,0.744392
510,19,0.48245615,0.625,0.0,2,0.4680504
2167,16,0.94736844,0.875,1.0,4,0.19126926
844,17,0.2631579,0.25,0.0,1,0.41442436
1414,19,0.84210527,0.875,1.0,5,0.7178801
2082,9,0.71929824,1.0,0.0,3,0.5967109
1087,11,0.5964912,0.0,0.0,1,0.3074291
623,6,0.40350878,0.875,0.0,3,0.6274883
1772,11,0.23684211,0.75,0.0,3,0.077282056
2087,5,0.85087717,0.625,0.0,5,0.76364356
1875,10,0.35964912,0.375,0.0,1,0.09952589
995,6,0.0,0.125,0.0,5,0.73314726
853,19,0.74561405,0.5,1.0,3,0.23381792
1379,0,0.5701754,0.875,0.0,4,0.3364929
1122,14,0.84210527,0.0,1.0,2,0.631824
2118,9,0.35964912,1.0,1.0,3,0.64503145
957,14,0.5614035,0.5,1.0,1,0.115297355
2124,16,0.12280702,0.5,1.0,4,0.020588348
1925,4,0.15789473,0.125,0.0,2,0.8832543
375,6,0.8333333,0.625,1.0,2,0.8352875
1827,4,0.6315789,0.375,0.0,3,0.3593448
781,11,0.15789473,0.875,1.0,4,0.37234554
1607,9,0.5,0.75,0.0,3,0.47242275
2374,3,0.19298245,0.625,0.0,4,0.46041667
2109,7,0.42982456,0.0,0.0,2,0.27648193
1000,6,0.15789473,0.0,0.0,2,0.01572384
473,1,0.88596493,0.5,1.0,5,0.761188
1576,12,0.3508772,0.125,1.0,4,0.61437935
2329,7,0.00877193,0.625,1.0,4,0.94890004
644,11,0.18421052,0.5,0.0,4,0.41940513
826,0,0.078947365,1.0,1.0,3,0.8595877
1001,10,0.28947368,0.375,0.0,1,0.9084522
869,7,0.22807017,0.125,0.0,2,0.02573759
48,16,0.42982456,0.5,1.0,5,0.80301064
2000,16,0.1754386,0.875,1.0,3,0.85720795
555,2,0.5964912,0.125,1.0,2,0.06559997
1841,11,0.0877193,0.25,0.0,5,0.4083898
2281,7,0.85087717,0.375,1.0,4,0.31284747
423,11,0.5350877,0.75,0.0,4,0.41375858
263,18,0.99122804,0.25,0.0,3,0.753613
1387,19,0.95614034,0.125,1.0,4,0.101135254
1432,1,0.0,0.875,0.0,4,0.64804786
71,19,0.5,0.25,0.0,5,0.7621211
1308,19,0.03508772,0.375,0.0,3,0.95854235
382,15,0.61403507,1.0,1.0,3,0.43825546
1606,19,0.35964912,0.125,1.0,5,0.86045617
2379,9,0.35964912,0.875,0.0,2,0.5989654
327,17,0.10526316,1.0,0.0,4,0.9790325
2353,17,0.877193,0.5,0.0,5,0.15451036
439,13,0.07017544,1.0,1.0,1,0.8381146
160,8,0.36842105,0.875,0.0,2,0.11870966
145,18,0.13157895,0.75,0.0,3,0.19093068
2300,16,0.2631579,0.25,1.0,5,0.009487574
2154,7,0.85087717,0.5,0.0,4,0.88282746
2127,4,0.88596493,0.75,0.0,2,0.6449585
2034,6,0.5263158,0.875,0.0,3,0.71383494
22,0,0.68421054,0.5,1.0,5,0.15246303
490,10,0.21052632,0.875,1.0,4,0.13369825
1297,8,0.92105263,1.0,0.0,3,0.9831833
2176,15,0.84210527,0.875,0.0,4,0.9852117
1315,2,0.15789473,0.0,0.0,2,0.5668713
955,15,0.80701756,0.25,1.0,1,0.34671402
1261,0,0.78070176,0.875,0.0,4,0.3299694
1639,8,0.65789473,0.625,1.0,2,0.55539095
1617,18,0.7017544,0.875,1.0,2,0.4139185
1976,16,0.1754386,0.5,1.0,5,0.89186215
2342,6,0.5614035,0.25,0.0,3,0.2511209
1814,6,0.30701753,0.0,0.0,2,0.75356996
861,8,0.19298245,0.25,1.0,1,0.8059438
2408,6,0.27192983,0.75,1.0,5,0.9818916
849,9,0.6403509,0.625,0.0,5,0.9098064
2010,1,0.4122807,1.0,0.0,3,0.47237772
1276,8,0.39473686,0.5,1.0,3,0.24348044
894,11,0.02631579,0.375,1.0,3,0.029865904
2493,11,0.45614034,0.75,1.0,5,0.08675762
1834,14,0.5964912,0.375,0.0,4,0.71962136
1453,3,0.15789473,0.125,1.0,2,0.9256588
782,7,0.61403507,0.375,1.0,1,0.6528664
1223,6,0.8333333,0.125,0.0,4,0.6479881
163,8,0.30701753,0.75,0.0,5,0.84986675
58,12,0.7105263,0.125,1.0,4,0.048238035
1890,17,0.37719297,0.5,1.0,4,0.17974582
124,14,0.7017544,0.875,0.0,1,0.540419
776,6,0.75438595,0.75,0.0,3,0.5341223
2306,9,0.622807,1.0,1.0,2,0.6307027
950,5,0.10526316,1.0,1.0,2,0.898375
38,5,0.31578946,0.5,1.0,3,0.042774897
2351,19,0.6754386,0.875,1.0,1,0.700424
2332,5,0.078947365,0.125,0.0,5,0.7843407
536,8,0.21929824,0.375,0.0,5,0.5753141
1071,6,0.7894737,0.0,1.0,1,0.018879643
609,13,0.9736842,0.875,1.0,3,0.7600191
2168,13,0.95614034,0.625,0.0,3,0.002007544
793,12,0.5964912,0.125,1.0,3,0.5242496
2021,18,0.04385965,0.5,1.0,5,0.7028766
314,9,0.8684211,0.125,1.0,2,0.7038481
121,1,0.9298246,0.75,0.0,4,0.38055623
1970,15,0.9298246,0.875,0.0,3,0.4430652
1906,11,0.06140351,0.0,0.0,3,0.69793624
386,8,0.6403509,1.0,0.0,1,0.6677111
1554,17,0.40350878,0.0,0.0,2,0.18243514
1070,16,0.68421054,0.25,1.0,1,0.10209021
700,9,0.7280702,0.375,0.0,5,0.29355824
2288,15,0.4385965,0.375,0.0,5,0.36982036
63,18,0.94736844,0.125,1.0,3,0.90499854
937,12,0.48245615,1.0,1.0,2,0.8424265
2409,0,0.84210527,0.375,0.0,3,0.5285739
1916,4,0.5263158,0.0,1.0,1,0.24694273
1155,17,0.88596493,0.125,0.0,3,0.5473109
811,11,0.35964912,0.125,1.0,1,0.81499195
2094,16,0.15789473,0.125,1.0,2,0.51907986
1048,10,0.6666667,0.5,1.0,5,0.6712243
118,13,0.9035088,0.0,0.0,5,0.84844184
2376,7,0.36842105,0.625,1.0,1,0.5187578
1201,3,0.21052632,0.875,1.0,5,0.5840316
800,13,0.31578946,0.75,1.0,4,0.88938254
926,13,0.096491225,0.25,1.0,1,0.8121263
870,2,0.99122804,0.75,0.0,3,0.53224087
932,12,0.6666667,0.125,1.0,2,0.9118378
2095,12,0.64912283,0.75,1.0,5,0.17459428
1427,7,0.9649123,1.0,1.0,4,0.9263997
898,14,0.75438595,0.125,0.0,5,0.65950423
2211,12,0.096491225,0.625,0.0,1,0.14640532
431,7,0.7017544,0.375,1.0,5,0.6047133
691,4,0.81578946,0.75,1.0,1,0.8538679
229,4,0.03508772,0.25,1.0,1,0.87745
389,13,0.3508772,0.875,0.0,5,0.32388446
2289,14,0.7280702,0.875,1.0,3,0.7965538
86,11,0.50877196,0.875,0.0,1,0.1552817
1210,7,0.8684211,1.0,1.0,1,0.102095336
2414,9,0.42105263,0.25,1.0,2,0.17181747
1752,10,0.1754386,0.5,0.0,3,0.45937634
1226,16,0.07017544,0.625,1.0,5,0.034221932
367,17,0.18421052,0.5,0.0,3,0.18968247
1930,6,0.4649123,0.875,1.0,3,0.47834933
1590,2,0.69298244,0.125,1.0,3,0.009543002
320,19,0.078947365,0.375,0.0,4,0.67038083
2484,4,0.9736842,0.0,0.0,2,0.3842083
946,19,0.19298245,0.125,1.0,3,0.14787006
2371,18,0.0877193,0.625,1.0,4,0.28550988
1375,0,0.28947368,0.75,1.0,1,0.7929578
982,1,0.05263158,0.375,0.0,5,0.9030385
1170,14,0.42105263,1.0,1.0,4,0.10680809
593,4,0.71929824,0.625,0.0,4,0.5662888
1322,11,0.7105263,0.125,0.0,5,0.03519698
415,11,0.9736842,0.625,1.0,2,0.7863641
1602,17,0.096491225,0.375,1.0,1,0.5487192
1340,6,0.3508772,1.0,0.0,3,0.8920704
1882,15,0.3508772,0.875,0.0,3,0.93618494
1589,3,0.20175439,0.875,0.0,2,0.831751
846,11,0.16666667,0.875,1.0,4,0.805169
581,1,0.12280702,0.75,1.0,1,0.9097053
2075,10,0.7105263,1.0,0.0,1,0.08326912
273,14,0.95614034,0.375,0.0,3,0.41455996
101,14,0.00877193,0.375,1.0,3,0.32458693
2208,5,0.5350877,0.0,0.0,1,0.47653225
1431,12,0.28070176,0.0,1.0,2,0.8294727
1222,19,0.50877196,0.875,0.0,4,0.13364474
84,5,0.5964912,0.375,0.0,3,0.33656952
1104,0,0.84210527,0.375,1.0,5,0.3276647
827,0,0.14035088,0.0,1.0,1,0.08167129
625,14,0.24561404,1.0,1.0,5,0.92543435
1552,7,0.114035085,0.875,0.0,3,0.260561
248,7,0.71929824,0.75,0.0,2,0.7745663
640,4,0.28947368,0.125,0.0,5,0.32285866
252,3,0.42105263,0.625,0.0,2,0.026451569
2287,15,0.24561404,0.0,0.0,4,0.85096836
627,16,0.94736844,1.0,0.0,4,0.5104022
184,0,0.95614034,0.25,0.0,2,0.3542375
1658,19,0.13157895,0.375,1.0,2,0.14683992
2193,3,0.04385965,0.125,1.0,2,0.11993553
1580,8,0.20175439,0.625,0.0,1,0.4104816
132,17,0.65789473,0.0,0.0,3,0.9871018
1247,2,0.7105263,0.25,0.0,1,0.040636007
1457,9,0.6403509,1.0,1.0,1,0.8296878
2321,2,1.0,0.0,1.0,3,0.77857
2322,15,0.096491225,0.375,0.0,2,0.76011556
532,1,0.9035088,0.375,1.0,5,0.5349881
730,10,0.65789473,1.0,0.0,5,0.18607345
1459,1,0.07017544,0.375,1.0,4,0.13683781
1497,16,0.85087717,0.375,1.0,4,0.972155
1751,8,0.4649123,0.375,0.0,2,0.15947619
2411,1,0.39473686,0.5,0.0,2,0.9273915
515,0,0.57894737,0.75,0.0,4,0.6369149
2242,3,0.31578946,1.0,1.0,1,0.30401015
2498,11,0.32456142,0.875,0.0,1,0.40004322
75,17,0.51754385,0.125,1.0,4,0.023774512
2363,9,0.5350877,0.0,1.0,5,0.6893619
262,16,0.6315789,0.0,1.0,4,0.5856115
151,10,0.0877193,0.625,0.0,5,0.8315903
603,2,0.1491228,0.625,0.0,1,0.47201186
2290,18,0.8245614,0.0,1.0,5,0.57835174
1939,5,0.22807017,0.875,1.0,2,0.36086094
1159,18,0.06140351,0.25,0.0,2,0.80227315
322,1,0.6666667,0.25,1.0,1,0.53091335
2106,4,0.03508772,0.625,0.0,4,0.8720416
1211,19,0.7631579,0.625,1.0,1,0.5376572
848,4,0.57894737,1.0,0.0,5,0.47418824
1659,4,0.7017544,1.0,0.0,3,0.5077689
2128,14,0.23684211,0.25,0.0,2,0.42445338
321,15,0.6052632,0.75,1.0,5,0.15022466
2123,4,0.24561404,0.25,0.0,2,0.57165927
1075,17,0.7105263,0.625,1.0,2,0.57685167
597,19,0.78070176,0.5,1.0,5,0.054116316
714,7,0.16666667,0.75,0.0,3,0.27213842
125,0,0.24561404,0.125,1.0,1,0.3242154
525,11,0.21052632,0.875,0.0,1,0.7286848
2427,1,0.68421054,0.25,0.0,1,0.36560926
1821,13,0.24561404,1.0,1.0,4,0.51441646
798,7,0.9298246,0.125,0.0,4,0.05484375
409,12,0.02631579,0.875,1.0,3,0.6400345
751,9,0.8333333,0.25,0.0,1,0.17792134
1477,0,0.30701753,0.125,0.0,3,0.3236107
444,2,0.8684211,1.0,1.0,3,0.19600351
92,1,0.92105263,0.0,0.0,2,0.3901272
1394,5,0.9385965,0.5,0.0,1,0.58425033
900,16,0.36842105,0.25,1.0,3,0.33861166
1024,18,0.9385965,0.25,0.0,1,0.06393165
1630,1,0.57894737,1.0,0.0,5,0.9918056
565,6,0.34210527,0.875,0.0,3,0.44851148
2067,11,0.00877193,1.0,0.0,1,0.62197113
2392,1,0.078947365,0.0,0.0,2,0.2044076
2373,14,0.80701756,1.0,0.0,3,0.20152713
1967,2,0.01754386,0.0,0.0,5,0.7519723
2149,14,0.25438598,0.125,0.0,3,0.41740942
873,12,0.13157895,0.375,0.0,5,0.13289186
796,19,0.20175439,0.75,0.0,1,0.11723149
1695,19,0.84210527,0.0,0.0,1,0.8140295
2113,9,0.2631579,0.5,0.0,4,0.38613036
1290,17,0.5614035,0.875,1.0,2,0.42139846
1709,17,0.4122807,0.0,1.0,2,0.93584234
1691,18,0.096491225,0.125,1.0,3,0.023780411
1215,3,0.78070176,0.5,0.0,5,0.8864762
2483,13,0.71929824,0.125,0.0,3,0.9530546
1754,8,0.42982456,0.5,0.0,5,0.6761503
1479,12,0.49122807,0.625,1.0,5,0.18969828
1050,4,0.75438595,0.5,0.0,2,0.7333664
266,14,0.88596493,0.5,1.0,5,0.593791
646,15,0.9035088,0.375,0.0,5,0.8606149
74,16,0.7719298,0.75,1.0,5,0.033420242
2071,4,0.74561405,1.0,0.0,3,0.014814386
1032,12,0.5614035,0.75,0.0,4,0.22254603
469,3,0.33333334,0.625,1.0,2,0.669183
712,7,0.6754386,1.0,0.0,3,0.82762545
1749,10,0.19298245,0.0,1.0,3,0.9564121
2470,19,0.7105263,0.875,1.0,5,0.015901074
892,13,0.5263158,1.0,1.0,1,0.37375063
2226,9,0.5701754,0.875,0.0,4,0.38065806
2330,1,0.4649123,0.875,1.0,1,0.29887754
960,13,0.4385965,0.0,1.0,3,0.045064423
1467,4,0.5701754,0.5,0.0,4,0.28647718
551,8,0.92105263,0.5,0.0,5,0.16400252
639,8,0.6315789,1.0,1.0,2,0.42016402
380,8,0.4122807,0.5,0.0,1,0.93673486
1910,4,0.2631579,0.125,0.0,4,0.9538924
1719,13,0.2982456,0.0,0.0,5,0.46676767
1720,5,0.7982456,0.75,0.0,5,0.44453666
313,1,0.10526316,0.25,0.0,1,0.8020976
83,16,0.65789473,0.0,0.0,1,0.7452573
546,7,0.81578946,0.25,0.0,5,0.85516894
1923,14,0.47368422,1.0,1.0,2,0.2743285
1697,4,0.18421052,0.25,0.0,2,0.5708055
1680,9,0.6403509,0.375,1.0,4,0.83403856
1279,1,0.8947368,0.25,0.0,1,0.14222264
1336,19,0.07017544,0.375,1.0,4,0.5912368
2323,12,0.9736842,0.875,0.0,2,0.18663377
1561,3,0.55263156,1.0,0.0,1,0.36358544
55,5,0.22807017,0.125,0.0,1,0.53320014
1028,19,0.19298245,0.875,0.0,3,0.8361457
1980,0,0.078947365,0.5,1.0,3,0.4781032
443,3,0.81578946,0.25,1.0,4,0.4831129
832,8,0.9035088,0.125,0.0,2,0.59768337
2303,13,0.8684211,0.375,1.0,1,0.023667006
2150,5,0.5,1.0,1.0,1,0.12401617
1955,17,0.7894737,0.375,1.0,4,0.629079
1027,10,0.8947368,0.0,1.0,3,0.036903042
531,18,0.71929824,0.625,1.0,3,0.9241277
1199,2,0.7894737,0.5,0.0,3,0.50665194
1341,3,0.06140351,0.625,0.0,5,0.6195175
856,16,0.03508772,0.5,0.0,2,0.42806208
1532,6,0.54385966,0.625,1.0,2,0.92245734
716,6,0.95614034,0.0,1.0,4,0.47382617
728,2,0.6052632,0.5,1.0,2,0.18538918
1399,12,0.19298245,0.0,0.0,2,0.0050532455
1172,19,0.078947365,0.375,0.0,3,0.4964652
105,14,0.33333334,0.0,0.0,4,0.51008075
170,17,0.75438595,1.0,1.0,3,0.98089784
2033,15,0.5350877,1.0,0.0,2,0.7437871
779,15,0.4122807,0.375,1.0,3,0.8187121
1501,5,0.5877193,0.25,0.0,1,0.5415021
1013,6,0.35964912,0.125,1.0,5,0.5273861
1451,8,0.33333334,0.5,0.0,1,0.52223355
298,9,0.5614035,0.5,0.0,4,0.9047445
2177,4,0.622807,0.5,0.0,4,0.68530643
1331,1,0.74561405,0.25,1.0,4,0.12411756
299,11,0.1754386,0.5,0.0,2,0.8056633
258,18,0.65789473,0.625,0.0,3,0.57964194
172,4,0.8245614,0.25,1.0,4,0.99528825
1734,8,0.99122804,1.0,0.0,4,0.31587577
2066,6,0.2982456,0.625,0.0,1,0.4177428
538,4,0.13157895,0.625,0.0,4,0.4381518
286,0,0.8684211,0.375,0.0,1,0.63627267
59,4,0.8596491,0.75,0.0,3,0.049877595
1881,15,0.7982456,0.125,0.0,4,0.3355461
580,19,0.7894737,0.875,1.0,3,0.88917816
2417,14,0.36842105,0.875,1.0,2,0.45540208
766,1,0.34210527,0.5,1.0,2,0.75901324
748,19,0.16666667,0.75,1.0,4,0.70680416
435,11,0.14035088,0.125,0.0,2,0.6327181
1686,0,0.6315789,0.625,1.0,5,0.21381165
567,17,0.22807017,0.375,1.0,2,0.15966457
1559,12,0.7719298,0.25,0.0,4,0.24347644
1862,14,0.9736842,0.875,1.0,3,0.49451953
269,8,0.15789473,0.625,1.0,4,0.33072704
53,11,0.7719298,1.0,1.0,3,0.18360059
979,6,0.95614034,0.625,1.0,5,0.2298231
2394,1,0.74561405,0.625,0.0,3,0.030932687
1628,1,0.7368421,0.75,1.0,4,0.78379554
2221,3,0.114035085,0.0,1.0,2,0.76694363
1629,3,0.5964912,0.5,1.0,3,0.8304852
2465,4,0.04385965,0.25,1.0,5,0.45114893
2018,9,0.42982456,1.0,0.0,3,0.9028659
2282,0,0.5614035,1.0,0.0,2,0.14482096
2299,12,0.07017544,0.625,1.0,2,0.94639593
726,18,0.02631579,1.0,1.0,5,0.7204181
2405,4,0.6052632,0.25,0.0,5,0.41039094
113,7,0.4122807,0.125,1.0,5,0.58185804
1131,1,0.35964912,0.625,0.0,1,0.10016007
2387,17,0.69298244,0.375,1.0,2,0.57414186
2040,19,0.61403507,0.875,1.0,2,0.43042523
20,0,0.02631579,0.0,1.0,3,0.5163215
642,18,0.9298246,0.125,0.0,2,0.111151166
372,17,0.6315789,0.0,1.0,4,0.75474507
1652,3,0.84210527,0.875,0.0,4,0.8860318
1860,4,0.30701753,0.0,1.0,3,0.9102779
1397,1,0.55263156,0.375,1.0,5,0.24636443
2121,2,0.64912283,0.75,1.0,5,0.17797334
2398,5,0.34210527,0.625,1.0,4,0.64887565
1907,8,0.8947368,0.75,0.0,2,0.15969782
530,4,0.01754386,0.25,0.0,4,0.37685367
2049,16,0.37719297,0.375,0.0,5,0.7424196
788,8,0.4473684,0.375,1.0,3,0.5469803
287,3,0.40350878,0.5,1.0,1,0.72705233
1673,9,0.75438595,0.875,1.0,4,0.17622162
102,12,0.6666667,0.625,0.0,2,0.5356436
678,11,0.84210527,0.375,1.0,4,0.913834
1972,6,0.2982456,0.625,0.0,2,0.8905385
1312,2,0.25438598,0.75,0.0,3,0.7797442
1692,18,0.54385966,0.0,0.0,3,0.60305595
553,16,0.7719298,0.375,0.0,4,0.7678555
2348,12,0.5701754,0.125,0.0,4,0.90536225
417,8,0.114035085,0.375,1.0,4,0.54854876
455,13,0.32456142,0.125,0.0,2,0.86015576
756,2,0.02631579,0.5,1.0,1,0.64322233
2179,5,0.13157895,0.875,1.0,5,0.9005
1693,5,0.19298245,0.125,0.0,1,0.21361162
520,9,0.84210527,0.0,1.0,5,0.15677395
2415,18,0.4122807,0.375,1.0,3,0.043362122
1990,12,0.94736844,0.5,0.0,1,0.41911665
2054,2,0.24561404,0.5,1.0,3,0.58846784
2136,19,0.03508772,0.125,1.0,1,0.6721899
1008,19,0.7894737,0.375,1.0,2,0.38827664
599,1,0.39473686,0.125,1.0,2,0.07602934
899,6,0.1491228,1.0,0.0,2,0.02450927
2027,19,0.55263156,0.25,0.0,1,0.028699704
354,10,0.9035088,0.25,0.0,1,0.7427218
279,4,0.0,0.0,0.0,3,0.7798104
526,7,0.05263158,0.0,0.0,2,0.8536628
845,18,0.35964912,0.125,1.0,2,0.24679883
1072,3,0.7719298,0.875,0.0,5,0.5258413
2261,3,0.51754385,1.0,1.0,2,0.29466987
379,5,0.49122807,0.625,1.0,3,0.76271766
1601,5,0.42105263,0.75,0.0,1,0.6392022
1651,8,0.7017544,0.625,0.0,1,0.5304415
2241,5,1.0,0.25,1.0,5,0.17240362
333,12,0.2631579,0.375,1.0,5,0.19490714
1999,12,0.096491225,0.5,1.0,2,0.09736878
1817,1,0.877193,0.25,0.0,4,0.042707186
2263,15,0.30701753,0.375,1.0,3,0.81960243
197,10,0.7894737,0.125,1.0,2,0.9892089
353,7,0.10526316,0.125,1.0,4,0.78006124
226,17,0.98245615,0.625,1.0,3,0.16132903
2388,4,0.8947368,0.625,0.0,2,0.058998182
2213,11,0.47368422,1.0,1.0,2,0.821829
2011,16,0.16666667,0.125,0.0,1,0.9453761
1147,9,0.5964912,0.5,1.0,3,0.61972356
2146,8,0.8333333,0.75,0.0,2,0.15823878
1759,14,0.877193,0.0,0.0,3,0.46459004
755,16,0.20175439,1.0,0.0,3,0.609312
341,8,0.9122807,0.375,1.0,2,0.18370132
1406,19,0.75438595,0.875,0.0,2,0.7908018
454,7,0.21052632,0.5,0.0,4,0.54918325
1763,2,0.8684211,0.125,0.0,4,0.5800813
801,0,0.00877193,0.75,1.0,1,0.24326393
662,0,0.8596491,0.125,1.0,4,0.09778086
296,4,0.6403509,0.125,1.0,5,0.018549744
2358,16,0.4385965,0.625,1.0,3,0.49435472
1025,19,0.85087717,1.0,0.0,4,0.8531948
575,9,0.7982456,0.5,1.0,4,0.5198337
1259,3,0.24561404,0.125,1.0,1,0.21012703
1637,6,0.95614034,0.75,1.0,1,0.7066498
471,5,0.22807017,0.5,0.0,2,0.877179
2244,13,0.10526316,0.75,1.0,3,0.18742427
1739,6,0.9736842,0.875,0.0,5,0.94352865
2137,0,0.7280702,0.625,1.0,4,0.32295814
696,11,0.9035088,0.125,1.0,3,0.6206262
2182,14,0.10526316,0.25,0.0,4,0.23105817
14,10,0.8684211,0.875,0.0,3,0.22178628
672,6,0.13157895,0.375,0.0,2,0.15981625
825,4,0.7631579,1.0,0.0,2,0.17617366
997,4,0.54385966,0.375,1.0,3,0.5617662
595,14,0.622807,0.5,1.0,1,0.07393947
1302,9,0.28947368,0.25,0.0,2,0.2279304
701,2,0.95614034,1.0,0.0,5,0.23651338
694,2,0.5877193,0.875,1.0,3,0.5160266
1507,17,0.03508772,0.25,0.0,3,0.92551124
2471,12,0.7105263,0.875,0.0,1,0.6769422
402,12,0.98245615,0.25,0.0,2,0.36449257
1318,8,0.06140351,0.875,1.0,2,0.5396489
1254,7,0.877193,0.5,1.0,3,0.4741263
430,0,0.18421052,0.25,1.0,5,0.06652833
2454,14,0.39473686,0.875,1.0,2,0.14076452
493,8,0.15789473,0.125,1.0,4,0.32893896
780,1,0.6052632,0.25,1.0,2,0.74147207
1731,17,0.65789473,1.0,1.0,1,0.21573672
1741,1,0.19298245,0.625,0.0,2,0.3011997
1819,15,0.9035088,0.125,0.0,3,0.577583
600,4,0.42105263,1.0,0.0,5,0.27884367
2195,8,0.74561405,0.125,1.0,3,0.5982783
935,18,0.4122807,0.125,0.0,5,0.99705786
1086,3,0.8245614,0.25,1.0,1,0.6397443
1586,3,0.096491225,0.75,0.0,1,0.97240657
2098,10,0.61403507,1.0,1.0,3,0.042729594
1275,2,0.92105263,0.125,0.0,4,0.41192544
1785,1,0.99122804,0.875,0.0,4,0.8946126
647,0,0.114035085,0.25,0.0,1,0.8349569
1843,15,0.4122807,0.25,1.0,2,0.55550015
2198,12,0.4473684,0.875,1.0,5,0.16401534
1896,2,0.28947368,0.75,1.0,3,0.070354946
1596,9,0.8684211,0.5,1.0,1,0.06550788
1309,16,0.9035088,0.375,1.0,4,0.1689759
533,2,0.8596491,1.0,0.0,4,0.27680483
1455,3,0.7719298,0.875,1.0,4,0.08108479
921,0,0.877193,0.0,0.0,1,0.992975
1440,16,0.078947365,0.125,1.0,5,0.20787017
2204,0,0.1491228,0.5,1.0,4,0.5774482
1221,6,0.14035088,0.5,0.0,1,0.9589752
2084,0,0.99122804,0.625,0.0,4,0.9105866
1255,3,0.9298246,0.0,0.0,3,0.91011655
222,3,0.9736842,1.0,1.0,2,0.27704006
786,16,0.0877193,0.25,1.0,3,0.93542653
1706,15,0.75438595,1.0,1.0,2,0.41338122
301,13,0.32456142,0.5,1.0,5,0.6791665
1531,16,0.8596491,0.0,1.0,3,0.67860454
886,2,0.12280702,0.5,0.0,3,0.7069494
562,13,0.88596493,0.0,1.0,2,0.9858103
470,10,0.51754385,0.625,0.0,1,0.39088514
335,5,0.24561404,0.5,1.0,4,0.8014927
1192,14,0.64912283,0.25,0.0,5,0.8439442
2157,4,0.4385965,0.375,0.0,2,0.9610176
1895,2,0.68421054,0.5,0.0,2,0.4408868
996,14,0.9035088,1.0,1.0,4,0.40430003
2052,18,0.37719297,1.0,0.0,2,0.98757976
1908,16,0.24561404,0.0,1.0,3,0.7679321
1164,5,0.65789473,0.75,0.0,2,0.20819283
991,1,0.7368421,0.25,1.0,1,0.092317775
1668,4,0.16666667,0.875,1.0,1,0.60248405
155,15,0.7982456,0.625,0.0,5,0.6438796
272,19,0.30701753,0.0,1.0,3,0.48676053
2184,15,0.20175439,0.125,0.0,1,0.6148621
1243,19,0.71929824,0.5,0.0,2,0.17207259
587,0,0.6666667,0.5,1.0,5,0.77880394
2311,11,0.7368421,0.625,0.0,4,0.580256
2355,11,0.9122807,0.0,1.0,1,0.12789784
2086,6,0.18421052,0.875,0.0,2,0.3063048
486,9,0.9736842,0.75,1.0,3,0.5728682
1249,18,0.24561404,0.0,0.0,5,0.016691202
117,11,0.21929824,0.375,1.0,2,0.48387513
929,3,0.19298245,0.5,0.0,1,0.2004086
317,6,0.28947368,0.0,1.0,4,0.24298885
715,6,0.04385965,0.875,0.0,3,0.13079086
981,15,0.0,0.0,1.0,5,0.8143467
1368,18,0.94736844,0.75,1.0,5,0.68789357
1335,8,0.04385965,0.0,1.0,2,0.18965894
548,15,0.37719297,0.875,0.0,5,0.62870866
425,5,0.92105263,0.5,1.0,4,0.09396389
986,18,0.81578946,0.875,1.0,3,0.40749332
761,12,0.50877196,0.0,0.0,5,0.9758103
1096,19,0.8333333,0.5,1.0,5,0.97338766
743,2,0.92105263,1.0,0.0,4,0.07011945
460,1,0.877193,1.0,0.0,3,0.5897009
1839,6,0.8596491,0.375,1.0,5,0.92152435
1258,3,0.877193,0.5,1.0,5,0.014563839
1690,9,0.6052632,0.375,0.0,1,0.21648514
1473,19,0.24561404,0.125,1.0,4,0.116611406
1577,16,0.92105263,0.875,1.0,2,0.032544497
2236,0,0.6666667,0.875,0.0,3,0.29311183
887,17,0.14035088,0.25,1.0,1,0.3231285
1676,14,0.6315789,0.0,1.0,3,0.3187602
1820,18,0.47368422,0.875,0.0,1,0.3400679
1231,1,0.85087717,0.625,0.0,5,0.55436414
140,14,0.12280702,0.75,0.0,2,0.080454454
2108,6,0.23684211,0.375,1.0,1,0.8842415
2491,9,0.20175439,0.375,1.0,1,0.2881888
249,12,1.0,0.5,0.0,3,0.73039645
1490,17,0.21052632,0.0,1.0,3,0.6054323
1177,19,0.03508772,0.625,0.0,4,0.505684
1921,4,0.9649123,0.875,0.0,5,0.027793115
2271,14,0.48245615,1.0,0.0,2,0.41230547
2222,16,0.80701756,0.25,0.0,2,0.024336295
523,19,0.35964912,0.625,0.0,4,0.23096386
882,9,0.01754386,0.5,1.0,4,0.7023416
977,7,0.68421054,0.125,1.0,5,0.87670404
939,8,0.5,0.25,0.0,2,0.5939112
2257,5,0.69298244,0.75,1.0,4,0.21807949
302,13,0.7105263,1.0,1.0,4,0.7519968
1591,10,0.25438598,0.625,1.0,2,0.75775594
2273,10,0.49122807,0.0,0.0,4,0.44900054
893,3,0.9736842,1.0,1.0,1,0.30896378
615,7,0.8245614,0.625,0.0,1,0.79624945
188,16,0.6403509,0.5,0.0,5,0.575285
498,17,0.98245615,0.625,1.0,5,0.10898357
365,6,0.27192983,0.375,0.0,2,0.6566747
116,0,0.114035085,1.0,1.0,4,0.13533588
1837,8,0.31578946,0.5,1.0,3,0.38872996
2475,1,0.47368422,0.625,1.0,1,0.23058788
915,13,0.84210527,0.375,1.0,1,0.5322047
1256,5,1.0,0.125,1.0,5,0.43371633
2459,8,0.5701754,1.0,1.0,3,0.40536076
1537,6,0.48245615,0.625,1.0,5,0.21081491
1901,9,0.6403509,0.0,1.0,4,0.9458098
2295,18,0.5701754,0.125,0.0,3,0.60703754
1997,3,0.04385965,1.0,0.0,1,0.26376432
1729,1,0.01754386,0.25,1.0,3,0.96205735
1526,14,0.5877193,0.5,0.0,1,0.62670964
1812,12,0.13157895,1.0,0.0,2,0.49594045
1831,6,0.5,0.375,1.0,5,0.20402437
2328,3,0.45614034,0.75,1.0,1,0.40069568
2074,2,0.15789473,0.375,1.0,1,0.28495023
1127,13,0.12280702,0.5,1.0,3,0.3088737
278,5,0.68421054,0.625,0.0,5,0.38007373
1798,3,0.88596493,0.625,0.0,2,0.7474059
866,11,0.10526316,1.0,0.0,4,0.9510613
1216,14,0.0,0.375,0.0,5,0.40036303
1767,19,0.4385965,0.625,1.0,5,0.20466357
1014,6,0.88596493,0.125,1.0,3,0.08839897
499,1,0.114035085,0.875,0.0,4,0.99452364
383,8,0.45614034,0.875,1.0,4,0.78078264
1594,16,0.13157895,0.875,1.0,3,0.93935555
1317,12,0.78070176,0.25,0.0,3,0.7070576
2315,7,0.13157895,0.875,1.0,3,0.25469348
11,17,0.24561404,0.0,1.0,2,0.13320385
695,19,0.12280702,0.0,1.0,4,0.08823751
1355,13,0.9122807,0.625,0.0,1,0.7615779
2020,7,0.9035088,0.375,1.0,5,0.30496955
1110,1,0.20175439,0.875,1.0,3,0.068647385
738,8,0.5614035,0.625,0.0,1,0.19400412
203,1,0.12280702,0.25,0.0,5,0.3691506
413,6,0.622807,0.5,0.0,2,0.7245338
837,10,0.622807,0.5,1.0,1,0.8688312
1809,7,0.03508772,0.875,0.0,1,0.75540245
2174,18,0.5701754,0.875,1.0,3,0.947358
407,5,0.5701754,0.625,0.0,3,0.6230319
2325,16,0.99122804,0.375,0.0,4,0.8958361
1736,17,0.5,0.25,0.0,5,0.43156525
771,15,0.078947365,0.125,1.0,5,0.2975056
1786,0,0.1754386,0.875,1.0,5,0.55044484
543,16,0.096491225,0.125,0.0,3,0.22419561
390,18,0.3508772,0.875,1.0,3,0.4524029
1568,13,0.54385966,0.25,1.0,2,0.43413624
1849,8,0.64912283,0.25,1.0,4,0.56721926
166,9,0.14035088,0.875,0.0,2,0.81383336
1207,3,0.30701753,0.0,1.0,2,0.9964491
2359,0,0.5964912,0.75,0.0,5,0.433657
2304,16,0.31578946,0.125,1.0,5,0.5233398
2185,10,0.15789473,0.875,1.0,4,0.56365806
1699,9,0.2982456,0.25,0.0,5,0.013503551
110,13,0.10526316,0.5,1.0,5,0.3966256
1730,19,0.31578946,0.625,0.0,2,0.63905364
2014,8,0.9122807,0.25,1.0,3,0.17319575
2001,5,0.28947368,0.125,1.0,2,0.35570362
2258,15,0.13157895,0.0,1.0,3,0.93385303
705,11,0.7894737,0.875,0.0,2,0.17802124
1987,18,0.16666667,0.75,1.0,2,0.68313026
479,18,0.48245615,0.375,1.0,5,0.035471406
1135,18,0.5263158,0.75,1.0,1,0.7079957
416,12,0.03508772,1.0,0.0,1,0.70989954
62,17,0.12280702,0.0,1.0,2,0.90853107
1145,18,0.4122807,0.625,1.0,1,0.45193458
260,3,0.9298246,0.125,0.0,3,0.81243634
2378,12,0.94736844,0.5,0.0,5,0.040951878
1169,7,0.99122804,0.75,0.0,4,0.32076836
608,18,0.078947365,0.5,1.0,3,0.9941041
77,1,0.6754386,0.625,1.0,1,0.14114971
2147,18,0.78070176,0.375,1.0,3,0.89475834
1142,2,0.65789473,0.25,0.0,1,0.60777676
1188,5,0.45614034,0.25,1.0,3,0.8155528
650,18,0.7017544,0.75,1.0,5,0.14245321
774,5,0.20175439,0.5,1.0,1,0.51276803
1818,2,0.98245615,0.0,1.0,2,0.61451685
1416,14,0.01754386,0.25,0.0,4,0.40560555
488,7,0.22807017,0.5,0.0,2,0.4151577
535,8,0.24561404,0.75,1.0,4,0.99867976
496,1,0.2982456,1.0,0.0,1,0.012623979
2482,9,0.5263158,0.125,1.0,2,0.40492615
1725,15,0.45614034,0.375,0.0,3,0.4616477
1186,9,0.096491225,0.25,1.0,2,0.34864807
2335,4,0.7631579,0.125,1.0,3,0.445661
1385,2,0.78070176,1.0,0.0,1,0.25935802
927,10,0.6052632,0.125,0.0,2,0.39338732
601,0,0.05263158,0.5,1.0,1,0.43757442
1184,6,0.39473686,0.625,1.0,5,0.10523532
200,6,0.8333333,0.0,0.0,4,0.0109741455
702,4,0.2982456,0.625,1.0,2,0.34833983
1669,15,0.48245615,0.5,1.0,5,0.6394209
1733,18,0.8596491,0.375,0.0,3,0.15521517
2326,8,0.6403509,0.0,0.0,3,0.5683519
1816,16,0.9035088,1.0,0.0,5,0.2851034
1760,19,0.9298246,0.625,0.0,2,0.7958337
1167,16,0.9736842,0.0,0.0,3,0.4360495
227,3,0.8596491,1.0,1.0,5,0.63307077
2259,14,0.98245615,1.0,0.0,5,0.51911205
173,13,0.75438595,0.0,0.0,2,0.1309057
128,16,0.622807,0.625,1.0,4,0.08292778
989,12,0.28070176,0.25,0.0,4,0.46968678
635,15,0.5964912,0.25,0.0,4,0.49605238
456,13,0.75438595,0.0,1.0,2,0.5429962
1151,16,0.80701756,0.75,1.0,2,0.3033312
2085,3,0.92105263,1.0,0.0,2,0.49916694
2170,10,0.1754386,1.0,0.0,5,0.97337645
1429,10,0.75438595,0.125,0.0,4,0.35917816
1718,19,0.68421054,0.875,1.0,2,0.37117207
1412,14,0.9649123,0.75,0.0,4,0.38576034
1358,18,0.9298246,0.625,1.0,5,0.8338493
2469,10,0.27192983,0.625,0.0,1,0.6396382
300,15,0.16666667,0.25,1.0,5,0.18549024
1535,6,0.096491225,0.125,0.0,4,0.29781598
1597,7,0.9385965,0.75,1.0,1,0.4980698
1787,9,0.42105263,0.875,0.0,1,0.6097633
829,0,1.0,0.125,1.0,1,0.21664792
2441,2,0.02631579,0.375,0.0,5,0.09644517
1390,19,0.69298244,0.125,1.0,1,0.36472452
323,9,0.95614034,0.875,0.0,3,0.8825558
852,19,0.27192983,0.75,0.0,1,0.9255729
1595,3,0.8333333,0.875,1.0,2,0.17006536
571,12,0.4473684,0.5,0.0,1,0.5904287
808,12,0.98245615,0.25,1.0,5,0.13700658
158,3,0.25438598,0.5,0.0,2,0.21532173
1942,13,1.0,0.25,1.0,5,0.67528886
2055,6,0.7280702,0.125,1.0,5,0.02074254
1370,15,0.33333334,0.75,0.0,1,0.37191898
1574,11,0.5,0.0,1.0,5,0.74558836
2433,8,0.7894737,0.0,0.0,1,0.70430815
2357,12,0.4122807,0.125,1.0,5,0.67250884
1296,16,0.22807017,0.625,0.0,2,0.156255
109,4,0.95614034,0.375,0.0,2,0.16104741
1614,0,0.5877193,0.0,1.0,3,0.17477141
1083,18,0.9736842,0.75,1.0,1,0.63505274
2448,6,0.096491225,0.625,1.0,2,0.35491964
1002,18,0.18421052,1.0,0.0,4,0.8579209
1528,11,0.71929824,0.375,1.0,3,0.5752112
274,10,0.10526316,0.625,0.0,2,0.054112494
221,5,0.49122807,0.5,1.0,5,0.6207023
1542,6,0.6666667,0.625,1.0,4,0.18283182
1579,6,0.2982456,0.875,0.0,5,0.046268813
1139,11,0.7894737,0.0,0.0,5,0.58325446
1563,7,0.9035088,0.875,0.0,2,0.674735
909,12,0.68421054,0.5,1.0,2,0.1423845
1748,2,0.5,0.0,0.0,3,0.74829674
2386,0,0.2631579,0.75,1.0,4,0.7558267
1806,2,0.5701754,0.875,0.0,3,0.5979822
1888,10,0.64912283,0.0,0.0,3,0.39005524
451,11,0.69298244,0.25,0.0,3,0.9654717
458,6,0.42105263,0.0,0.0,4,0.25389752
1647,19,0.9298246,0.0,0.0,2,0.13827844
2181,10,0.33333334,0.5,0.0,1,0.5477407
2390,9,0.47368422,0.625,0.0,2,0.22772905
1189,8,0.32456142,0.375,1.0,2,0.7455211
1067,6,0.877193,0.25,1.0,2,0.007974467
201,4,0.28070176,0.75,0.0,2,0.9624534
157,13,0.07017544,0.5,0.0,1,0.16406165
1325,17,0.7280702,0.75,1.0,4,0.77933097
752,16,0.35964912,1.0,1.0,3,0.50954276
2017,18,0.35964912,0.125,0.0,3,0.8560147
528,0,0.61403507,0.875,1.0,5,0.43698537
2151,12,0.23684211,1.0,1.0,1,0.9458366
2260,3,0.9122807,1.0,1.0,1,0.19522968
1624,10,0.9122807,0.625,0.0,1,0.03657769
1645,1,0.80701756,0.25,0.0,2,0.5060078
2005,3,0.0,0.375,0.0,2,0.26873615
1897,3,0.23684211,1.0,0.0,1,0.7688293
1876,6,0.98245615,0.625,0.0,2,0.14944237
76,18,0.8245614,0.75,0.0,3,0.483946
1640,2,0.6052632,0.375,0.0,2,0.7168679
2201,5,0.2982456,0.125,0.0,1,0.48730376
507,6,0.2982456,0.5,0.0,2,0.13395724
2223,8,0.28947368,0.25,0.0,3,0.054702956
968,14,0.6754386,1.0,1.0,4,0.6626324
2436,6,0.9736842,0.75,0.0,4,0.38005415
1582,19,0.57894737,0.875,0.0,2,0.059655987
1114,10,0.95614034,0.75,0.0,4,0.8945424
2024,6,0.9736842,0.25,1.0,1,0.7013419
1040,6,0.84210527,0.875,0.0,1,0.23421551
799,10,0.6315789,0.375,1.0,1,0.73646116
114,16,0.7105263,0.75,1.0,2,0.8495804
12,14,0.31578946,0.375,0.0,2,0.1660599
2343,2,0.61403507,1.0,0.0,1,0.13618048
632,13,0.85087717,0.5,1.0,2,0.5703546
1516,7,0.05263158,0.0,0.0,3,0.35675475
1478,7,0.5263158,0.875,1.0,3,0.70252305
1653,15,0.7280702,0.0,0.0,4,0.17546625
2422,11,0.0877193,0.375,1.0,4,0.5674742
1700,17,0.35964912,0.5,0.0,1,0.54608184
387,1,0.48245615,0.0,1.0,5,0.27511865
1678,7,0.68421054,0.0,0.0,5,0.47663668
1965,10,0.1754386,0.375,0.0,5,0.26522702
60,17,0.8947368,0.25,1.0,4,0.9886738
1682,1,0.622807,0.0,0.0,5,0.28019595
1236,12,0.15789473,0.75,1.0,3,0.07990013
552,11,0.10526316,0.125,0.0,4,0.32046995
1770,0,0.45614034,0.125,1.0,5,0.37680113
410,11,0.6403509,0.125,1.0,4,0.8075919
1488,5,0.28070176,0.5,0.0,1,0.6742251
2280,8,0.8245614,0.875,0.0,2,0.27173623
824,5,0.8333333,0.875,0.0,3,0.6968821
337,16,0.9736842,0.625,1.0,2,0.5626789
563,6,0.078947365,0.0,0.0,5,0.15679926
2007,7,0.5,0.625,0.0,5,0.39617503
1978,10,0.40350878,0.125,0.0,5,0.84639007
1433,2,0.9649123,0.875,0.0,3,0.7731781
1847,16,0.50877196,0.5,1.0,1,0.32071903
1948,12,0.07017544,0.0,0.0,1,0.6690047
708,0,0.04385965,0.625,0.0,3,0.10717381
1756,16,0.37719297,0.875,1.0,3,0.09031178
1037,4,0.114035085,0.625,0.0,2,0.19330642
906,7,0.3508772,0.25,0.0,5,0.3955337
295,15,0.4122807,0.5,1.0,3,0.7790861
1846,7,0.27192983,0.75,1.0,5,0.12175026
1030,13,0.84210527,1.0,1.0,4,0.30706745
1168,18,0.096491225,0.875,1.0,1,0.2748796
1877,17,0.7017544,0.125,0.0,2,0.05732025
1957,19,0.57894737,1.0,0.0,4,0.12547934
2406,0,0.71929824,0.625,1.0,3,0.971323
1865,10,0.98245615,0.25,0.0,4,0.8278021
1109,0,0.33333334,0.875,0.0,4,0.82800066
1003,9,0.8596491,0.0,0.0,1,0.7428008
1420,1,0.8245614,0.875,0.0,3,0.15956382
2307,11,0.31578946,0.875,1.0,1,0.32113683
542,3,0.096491225,0.625,1.0,1,0.94452655
1684,16,0.20175439,0.5,0.0,1,0.21044174
1065,9,0.5877193,0.375,0.0,5,0.34206823
2341,8,0.39473686,0.0,1.0,1,0.96329165
911,17,0.5614035,0.75,0.0,1,0.6494817
1584,14,0.078947365,0.75,0.0,1,0.42903033
1349,16,0.877193,0.0,0.0,3,0.6813212
2494,11,0.9385965,1.0,0.0,1,0.28175658
68,17,0.37719297,0.75,0.0,2,0.3724012
544,5,0.24561404,1.0,1.0,1,0.9570543
1742,8,0.95614034,0.5,1.0,2,0.3225761
972,8,0.4122807,0.25,1.0,2,0.43478054
664,7,0.75438595,0.125,0.0,1,0.51760805
821,3,0.6666667,0.875,0.0,2,0.021540686
2036,5,0.7017544,0.0,0.0,2,0.23127054
1171,6,0.50877196,1.0,1.0,2,0.4466629
1158,10,0.81578946,0.5,1.0,4,0.03909683
2186,7,0.65789473,0.5,1.0,2,0.9444017
1334,5,0.92105263,0.25,1.0,3,0.5997729
649,19,0.5,0.625,1.0,1,0.93084335
1981,2,0.7280702,0.0,0.0,3,0.7586891
1404,2,0.49122807,0.375,0.0,4,0.6752083
2235,18,0.6315789,0.0,0.0,1,0.08766962
1174,6,0.7982456,1.0,1.0,1,0.8010627
399,15,0.5877193,0.875,1.0,5,0.8840396
1920,8,0.94736844,0.375,0.0,5,0.824873
126,4,0.10526316,0.375,0.0,4,0.30667025
1084,10,0.8245614,0.25,0.0,4,0.4900618
2,15,0.88596493,0.625,0.0,1,0.87616456
44,8,0.57894737,1.0,0.0,5,0.48450038
2361,11,0.6052632,0.375,1.0,5,0.38492918
2346,18,0.61403507,0.875,1.0,5,0.43210647
690,7,0.51754385,0.625,0.0,1,0.54783064
2499,9,0.078947365,0.875,0.0,1,0.15606107
1102,4,0.12280702,0.0,0.0,3,0.3606448
654,8,0.65789473,0.625,1.0,1,0.06473676
2350,18,0.14035088,0.75,0.0,4,0.6141206
652,6,0.54385966,0.5,1.0,3,0.2852584
79,9,0.7105263,0.25,0.0,5,0.45734695
1403,15,0.33333334,1.0,0.0,5,0.9019297
1780,3,0.36842105,0.625,1.0,4,0.053216815
288,4,0.99122804,0.125,1.0,4,0.13754605
1573,12,0.23684211,0.625,1.0,1,0.93011105
1801,15,0.30701753,0.25,1.0,4,0.062949434
1984,13,0.9649123,0.375,0.0,2,0.03495707
1137,6,0.7017544,0.375,1.0,2,0.83564067
1446,1,0.8596491,0.875,0.0,3,0.5503481
1396,14,0.32456142,0.125,0.0,2,0.80054444
1443,10,0.85087717,0.5,1.0,5,0.58095604
250,1,0.0,0.375,0.0,2,0.02170788
2425,1,0.1491228,0.25,1.0,1,0.45236033
95,2,0.9385965,0.0,1.0,5,0.2895771
1993,4,0.7719298,0.625,1.0,3,0.32881084
2457,0,0.6754386,0.25,1.0,4,0.8763147
674,2,0.24561404,0.5,1.0,1,0.49091825
1879,18,0.4122807,0.0,0.0,1,0.873778
328,7,0.10526316,0.25,0.0,3,0.5496571
2096,13,0.71929824,0.25,0.0,3,0.1523473
1482,15,0.6315789,0.375,0.0,3,0.44351265
2313,4,0.3508772,1.0,1.0,4,0.239559
489,9,0.877193,0.125,0.0,4,0.036390208
285,14,0.99122804,0.625,1.0,4,0.26454479
1959,11,0.8245614,1.0,0.0,4,0.28365377
1281,5,0.18421052,0.25,1.0,1,0.136113
1354,3,0.75438595,0.375,0.0,4,0.43995517
1838,14,0.9649123,0.125,1.0,4,0.51050967
315,13,0.78070176,1.0,1.0,4,0.7511797
1495,13,0.7105263,0.75,0.0,5,0.98954993
953,3,0.65789473,0.375,1.0,4,0.42554358
670,13,0.24561404,0.5,1.0,5,0.2005536
1389,14,0.7280702,0.75,0.0,2,0.36965662
396,9,0.9298246,0.625,1.0,2,0.57912797
85,0,0.8333333,0.125,1.0,5,0.22793579
1112,8,0.6666667,0.25,0.0,3,0.2585394
754,4,0.6403509,0.25,0.0,1,0.4024506
438,5,0.8596491,1.0,0.0,5,0.23186702
463,15,0.7017544,0.625,0.0,4,0.22093806
168,16,0.28947368,0.5,1.0,1,0.8390953
52,19,0.9298246,0.0,1.0,2,0.61129034
370,7,0.8245614,0.75,1.0,2,0.26855615
956,0,0.78070176,0.0,0.0,5,0.45247674
422,10,0.7894737,0.875,0.0,2,0.9728664
2490,12,0.81578946,1.0,0.0,3,0.32118648
1761,0,0.2982456,0.5,1.0,5,0.89868295
223,4,0.31578946,0.375,0.0,3,0.40956017
2247,3,0.114035085,0.375,0.0,2,0.038151246
1571,18,0.7631579,1.0,0.0,2,0.6153448
512,12,0.99122804,1.0,0.0,4,0.40083978
232,10,0.9385965,0.625,1.0,3,0.23710686
2069,11,0.9649123,0.875,0.0,3,0.10074092
2296,13,0.6666667,0.5,0.0,4,0.75459695
1620,6,0.95614034,0.125,0.0,2,0.7915483
1703,17,0.9736842,0.375,0.0,3,0.7516857
2115,14,0.7105263,0.5,1.0,1,0.5485572
1565,16,0.25438598,0.125,1.0,2,0.6821029
220,11,0.47368422,0.0,1.0,4,0.94594437
2429,9,0.95614034,1.0,0.0,3,0.7642146
758,7,0.25438598,0.75,1.0,5,0.40350965
717,6,0.94736844,0.5,1.0,4,0.2901108
1603,12,0.8684211,0.5,1.0,2,0.036751606
154,7,0.64912283,0.625,0.0,2,0.49143144
1323,2,0.31578946,0.125,1.0,3,0.9369166
718,14,0.00877193,0.75,0.0,3,0.105180435
412,10,0.05263158,0.75,0.0,1,0.63464886
1610,12,0.06140351,0.0,0.0,5,0.24025236
1395,19,0.7719298,0.25,1.0,2,0.7867098
1905,2,0.64912283,0.375,0.0,1,0.06641262
622,4,0.48245615,0.375,0.0,3,0.21213503
290,15,1.0,0.375,1.0,3,0.68932736
366,10,0.5964912,0.5,0.0,3,0.95775765
1844,7,0.877193,0.375,1.0,4,0.79563415
1332,4,0.7719298,0.5,1.0,5,0.160401
936,15,0.7719298,0.0,0.0,3,0.25010368
1407,19,0.114035085,0.625,1.0,3,0.47871652
1935,11,0.15789473,0.75,0.0,3,0.22637583
2140,3,0.9035088,0.375,1.0,2,0.52786434
2347,15,0.28070176,1.0,0.0,4,0.33850577
1688,4,0.0877193,0.75,1.0,2,0.7949615
2318,18,0.4122807,0.75,1.0,2,0.60912603
1054,16,0.5701754,0.625,0.0,1,0.94952583
1902,14,0.61403507,0.625,1.0,3,0.23499691
356,4,0.0,0.75,1.0,3,0.38998356
2345,4,0.28070176,0.75,1.0,5,0.837612
1287,8,0.85087717,1.0,1.0,1,0.56134313
1445,7,0.0,1.0,1.0,3,0.28309256
1740,4,0.5350877,0.375,0.0,4,0.7554217
1292,8,0.3859649,0.0,1.0,1,0.9660793
1241,14,0.24561404,0.625,0.0,1,0.11744876
1377,15,0.7280702,0.75,1.0,2,0.19969153
1327,8,0.8684211,0.125,1.0,3,0.0225321
428,11,0.9385965,0.125,1.0,5,0.69811
2450,19,0.33333334,0.625,1.0,2,0.5285229
2233,11,0.28947368,0.0,0.0,3,0.56190974
1097,15,0.42982456,0.875,0.0,1,0.75252795
1581,13,0.02631579,0.75,1.0,1,0.18157427
2267,2,0.5964912,0.125,0.0,3,0.811396
1205,15,0.47368422,0.75,1.0,5,0.7504796
606,15,0.98245615,1.0,1.0,3,0.5068302
1411,3,0.18421052,0.625,0.0,2,0.88704264
2255,17,0.65789473,0.875,1.0,3,0.7195259
867,0,0.74561405,0.75,1.0,5,0.5333351
1544,10,0.04385965,0.875,1.0,4,0.15980986
2006,17,0.6666667,0.0,0.0,4,0.90795314
